"~start_node_id","~start_node_labels","~start_node_property_priorityWeight","~start_node_property_activationQuery","~start_node_property_name","~start_node_property_description","~start_node_property_lastAccessed","~start_node_property_isActivated","~start_node_property_id","~start_node_property_type","~start_node_property_activationThreshold","~relationship_type","~relationship_property_weight","~end_node_id","~end_node_labels","~end_node_property_priorityWeight","~end_node_property_activationQuery","~end_node_property_name","~end_node_property_description","~end_node_property_lastAccessed","~end_node_property_isActivated","~end_node_property_id","~end_node_property_type","~end_node_property_activationThreshold","~end_node_property_purpose","~end_node_property_format","~end_node_property_content","~end_node_property_endpoint","~end_node_property_method","~start_node_property_created","~end_node_property_created","~end_node_property_version","~start_node_property_server","~relationship_property_score"
"0","Node",0.9,"node.priorityWeight > 0.8","important_location","A critical location in the system","2024-12-24T06:06:35.517000000Z","true","90de8f38-4ab9-4fb4-bd6c-f9b05bf29137","location",0.7,"CONNECTS_TO",0.85,"1","Node",0.8,"node.priorityWeight > 0.7","task_node","A task that needs attention","2024-12-24T06:06:35.517000000Z","true","607cba15-9ae1-4811-b9fc-ddc4880e160a","task",0.6,,,,,,,,,,
"2","Workflow",,,"Error Handling Workflow","A basic workflow for handling errors",,,,,,"STARTS_WITH",,"3","Step",,,"Error Start","Initial step when an error occurs",,,,,,,,,,,,,,,
"3","Step",,,"Error Start","Initial step when an error occurs",,,,,,"NEXT",,"4","Step",,,"Log Error","Log the details of the error",,,,,,,,,,,,,,,
"4","Step",,,"Log Error","Log the details of the error",,,,,,"NEXT",,"5","Step",,,"Notify Admin","Notify the administrator about the error",,,,,,,,,,,,,,,
"5","Step",,,"Notify Admin","Notify the administrator about the error",,,,,,"NEXT",,"6","Step",,,"Error End","Final step after error handling",,,,,,,,,,,,,,,
"7","Workflow",,,"Web Search Workflow","A simple workflow for performing a web search",,,,,,"STARTS_WITH",,"8","Step",,,"Search Start","Initiate the web search process",,,,,,,,,,,,,,,
"8","Step",,,"Search Start","Initiate the web search process",,,,,,"NEXT",,"9","Step",,,"Formulate Query","Formulate the search query",,,,,,,,,,,,,,,
"9","Step",,,"Formulate Query","Formulate the search query",,,,,,"NEXT",,"10","Step",,,"Execute Search","Execute the search query",,,,,,,,,,,,,,,
"10","Step",,,"Execute Search","Execute the search query",,,,,,"NEXT",,"11","Step",,,"Analyze Results","Analyze the search results",,,,,,,,,,,,,,,
"11","Step",,,"Analyze Results","Analyze the search results",,,,,,"NEXT",,"12","Step",,,"Search End","Conclude the web search process",,,,,,,,,,,,,,,
"9","Step",,,"Formulate Query","Formulate the search query",,,,,,"ATTACHES_TO",,"13","Data",,,"Search Parameters",,,,,"Configuration",,"Search Configuration","JSON","{'max_results': 10, 'search_type': 'comprehensive'}",,,,,,,
"10","Step",,,"Execute Search","Execute the search query",,,,,,"USES",,"14","Tool",,,"Search Engine","Tool for executing web searches",,,,"API",,,,,"https://api.search.example","POST",,,,,
"15","MetaWorkflow",,,"Search With Error Handling","Combined workflow for search with error handling",,,,,,"INCLUDES",,"7","Workflow",,,"Web Search Workflow","A simple workflow for performing a web search",,,,,,,,,,,,,,,
"15","MetaWorkflow",,,"Search With Error Handling","Combined workflow for search with error handling",,,,,,"INCLUDES",,"2","Workflow",,,"Error Handling Workflow","A basic workflow for handling errors",,,,,,,,,,,,,,,
"7","Workflow",,,"Web Search Workflow","A simple workflow for performing a web search",,,,,,"ON_ERROR",,"2","Workflow",,,"Error Handling Workflow","A basic workflow for handling errors",,,,,,,,,,,,,,,
"29","ToolIndex",,,"Global Tool Index","Centralized index of all available tools and APIs",,,,,,"PART_OF",,"16","MetaTransformerCore",,,"MetaTransformer Core","Core system for fractal workflow composition and tool indexing",,,,,,,,,,,"2024-12-24T07:30:00.157000000Z","2024-12-24T07:29:50.632000000Z","1.0.0",,
"30","Tool",,,"brave_web_search","Web search API for general queries and content",,,,"SEARCH",,"INDEXED_IN",,"29","ToolIndex",,,"Global Tool Index","Centralized index of all available tools and APIs",,,,,,,,,,,"2024-12-24T07:30:00.157000000Z","2024-12-24T07:30:00.157000000Z",,"brave-search",
"31","Tool",,,"brave_local_search","Local search API for location-based queries",,,,"SEARCH",,"INDEXED_IN",,"29","ToolIndex",,,"Global Tool Index","Centralized index of all available tools and APIs",,,,,,,,,,,"2024-12-24T07:30:00.157000000Z","2024-12-24T07:30:00.157000000Z",,"brave-search",
"20","Step",,,"Source Discovery","Discover potential AI knowledge sources",,,,"TASK",,"NEXT",,"21","Step",,,"Source Evaluation","Evaluate source credibility and relevance",,,,"TASK",,,,,,,"2024-12-24T07:24:28.630000000Z","2024-12-24T07:24:28.630000000Z",,,
"21","Step",,,"Source Evaluation","Evaluate source credibility and relevance",,,,"TASK",,"NEXT",,"22","Step",,,"Source Classification","Classify and categorize validated sources",,,,"TASK",,,,,,,"2024-12-24T07:24:28.630000000Z","2024-12-24T07:24:28.630000000Z",,,
"17","Workflow",,,"Knowledge Source Identification","Identifies and validates AI knowledge sources",,,,,,"STARTS_WITH",,"20","Step",,,"Source Discovery","Discover potential AI knowledge sources",,,,"TASK",,,,,,,"2024-12-24T07:24:24.104000000Z","2024-12-24T07:24:28.630000000Z",,,
"22","Step",,,"Source Classification","Classify and categorize validated sources",,,,"TASK",,"COMPLETES",,"17","Workflow",,,"Knowledge Source Identification","Identifies and validates AI knowledge sources",,,,,,,,,,,"2024-12-24T07:24:28.630000000Z","2024-12-24T07:24:24.104000000Z",,,
"23","Step",,,"Content Analysis","Analyze source content structure",,,,"TASK",,"NEXT",,"24","Step",,,"Knowledge Parsing","Parse and extract relevant knowledge",,,,"TASK",,,,,,,"2024-12-24T07:24:33.186000000Z","2024-12-24T07:24:33.186000000Z",,,
"24","Step",,,"Knowledge Parsing","Parse and extract relevant knowledge",,,,"TASK",,"NEXT",,"25","Step",,,"Metadata Generation","Generate metadata for extracted knowledge",,,,"TASK",,,,,,,"2024-12-24T07:24:33.186000000Z","2024-12-24T07:24:33.186000000Z",,,
"18","Workflow",,,"Knowledge Extraction","Extracts relevant AI knowledge from sources",,,,,,"STARTS_WITH",,"23","Step",,,"Content Analysis","Analyze source content structure",,,,"TASK",,,,,,,"2024-12-24T07:24:24.104000000Z","2024-12-24T07:24:33.186000000Z",,,
"25","Step",,,"Metadata Generation","Generate metadata for extracted knowledge",,,,"TASK",,"COMPLETES",,"18","Workflow",,,"Knowledge Extraction","Extracts relevant AI knowledge from sources",,,,,,,,,,,"2024-12-24T07:24:33.186000000Z","2024-12-24T07:24:24.104000000Z",,,
"26","Step",,,"Validation Rules","Apply knowledge validation rules",,,,"TASK",,"NEXT",,"27","Step",,,"Cross-Reference","Cross-reference with existing knowledge",,,,"TASK",,,,,,,"2024-12-24T07:24:37.836000000Z","2024-12-24T07:24:37.836000000Z",,,
"27","Step",,,"Cross-Reference","Cross-reference with existing knowledge",,,,"TASK",,"NEXT",,"28","Step",,,"Quality Assessment","Assess quality and completeness",,,,"TASK",,,,,,,"2024-12-24T07:24:37.836000000Z","2024-12-24T07:24:37.836000000Z",,,
"19","Workflow",,,"Knowledge Validation","Validates and verifies extracted knowledge",,,,,,"STARTS_WITH",,"26","Step",,,"Validation Rules","Apply knowledge validation rules",,,,"TASK",,,,,,,"2024-12-24T07:24:24.104000000Z","2024-12-24T07:24:37.836000000Z",,,
"28","Step",,,"Quality Assessment","Assess quality and completeness",,,,"TASK",,"COMPLETES",,"19","Workflow",,,"Knowledge Validation","Validates and verifies extracted knowledge",,,,,,,,,,,"2024-12-24T07:24:37.836000000Z","2024-12-24T07:24:24.104000000Z",,,
"32","Tool",,,"openai_chat","OpenAI chat models API",,,,"LLM",,"INDEXED_IN",,"29","ToolIndex",,,"Global Tool Index","Centralized index of all available tools and APIs",,,,,,,,,,,"2024-12-24T07:30:00.157000000Z","2024-12-24T07:30:00.157000000Z",,"mcp-openai",
"33","Tool",,,"read-neo4j-cypher","Execute Cypher read queries",,,,"DATABASE",,"INDEXED_IN",,"29","ToolIndex",,,"Global Tool Index","Centralized index of all available tools and APIs",,,,,,,,,,,"2024-12-24T07:30:00.157000000Z","2024-12-24T07:30:00.157000000Z",,"neo4j",
"34","Tool",,,"write-neo4j-cypher","Execute Cypher write queries",,,,"DATABASE",,"INDEXED_IN",,"29","ToolIndex",,,"Global Tool Index","Centralized index of all available tools and APIs",,,,,,,,,,,"2024-12-24T07:30:00.157000000Z","2024-12-24T07:30:00.157000000Z",,"neo4j",
"35","Tool",,,"read_file","Read file contents",,,,"FILESYSTEM",,"INDEXED_IN",,"29","ToolIndex",,,"Global Tool Index","Centralized index of all available tools and APIs",,,,,,,,,,,"2024-12-24T07:30:00.157000000Z","2024-12-24T07:30:00.157000000Z",,"filesystem",
"36","Tool",,,"write_file","Write file contents",,,,"FILESYSTEM",,"INDEXED_IN",,"29","ToolIndex",,,"Global Tool Index","Centralized index of all available tools and APIs",,,,,,,,,,,"2024-12-24T07:30:00.157000000Z","2024-12-24T07:30:00.157000000Z",,"filesystem",
"37","WorkflowTemplate",,,"Fractal Workflow Template","Base template for creating fractal workflows",,,,,,"PART_OF",,"16","MetaTransformerCore",,,"MetaTransformer Core","Core system for fractal workflow composition and tool indexing",,,,,,,,,,,"2024-12-24T07:30:07.910000000Z","2024-12-24T07:29:50.632000000Z","1.0.0",,
"46","Tool",,,"add_observations","Add new observations to existing entities in the knowledge graph",,,,"MEMORY",,"INDEXED_IN",,"29","ToolIndex",,,"Global Tool Index","Centralized index of all available tools and APIs",,,,,,,,,,,"2024-12-24T07:31:33.752000000Z","2024-12-24T07:30:00.157000000Z",,"memory",
"47","Tool",,,"create_entities","Create multiple new entities in the knowledge graph",,,,"MEMORY",,"INDEXED_IN",,"29","ToolIndex",,,"Global Tool Index","Centralized index of all available tools and APIs",,,,,,,,,,,"2024-12-24T07:31:33.752000000Z","2024-12-24T07:30:00.157000000Z",,"memory",
"48","Tool",,,"create_relations","Create multiple new relations between entities in the knowledge graph",,,,"MEMORY",,"INDEXED_IN",,"29","ToolIndex",,,"Global Tool Index","Centralized index of all available tools and APIs",,,,,,,,,,,"2024-12-24T07:31:33.752000000Z","2024-12-24T07:30:00.157000000Z",,"memory",
"50","Tool",,,"delete_observations","Delete specific observations from entities",,,,"MEMORY",,"INDEXED_IN",,"29","ToolIndex",,,"Global Tool Index","Centralized index of all available tools and APIs",,,,,,,,,,,"2024-12-24T07:31:33.752000000Z","2024-12-24T07:30:00.157000000Z",,"memory",
"52","Tool",,,"read_graph","Read the entire knowledge graph",,,,"MEMORY",,"INDEXED_IN",,"29","ToolIndex",,,"Global Tool Index","Centralized index of all available tools and APIs",,,,,,,,,,,"2024-12-24T07:31:33.752000000Z","2024-12-24T07:30:00.157000000Z",,"memory",
"53","Tool",,,"search_nodes","Search for nodes based on a query",,,,"MEMORY",,"INDEXED_IN",,"29","ToolIndex",,,"Global Tool Index","Centralized index of all available tools and APIs",,,,,,,,,,,"2024-12-24T07:31:33.752000000Z","2024-12-24T07:30:00.157000000Z",,"memory",
"55","Tool",,,"create_table","Create a new table in SQLite database",,,,"DATABASE",,"INDEXED_IN",,"29","ToolIndex",,,"Global Tool Index","Centralized index of all available tools and APIs",,,,,,,,,,,"2024-12-24T07:31:33.752000000Z","2024-12-24T07:30:00.157000000Z",,"sqlite",
"56","Tool",,,"read_query","Execute a SELECT query on SQLite",,,,"DATABASE",,"INDEXED_IN",,"29","ToolIndex",,,"Global Tool Index","Centralized index of all available tools and APIs",,,,,,,,,,,"2024-12-24T07:31:33.752000000Z","2024-12-24T07:30:00.157000000Z",,"sqlite",
"57","Tool",,,"write_query","Execute INSERT, UPDATE, or DELETE on SQLite",,,,"DATABASE",,"INDEXED_IN",,"29","ToolIndex",,,"Global Tool Index","Centralized index of all available tools and APIs",,,,,,,,,,,"2024-12-24T07:31:33.752000000Z","2024-12-24T07:30:00.157000000Z",,"sqlite",
"58","Tool",,,"list_tables","List all tables in SQLite database",,,,"DATABASE",,"INDEXED_IN",,"29","ToolIndex",,,"Global Tool Index","Centralized index of all available tools and APIs",,,,,,,,,,,"2024-12-24T07:31:33.752000000Z","2024-12-24T07:30:00.157000000Z",,"sqlite",
"59","Tool",,,"describe_table","Get schema information for a specific table",,,,"DATABASE",,"INDEXED_IN",,"29","ToolIndex",,,"Global Tool Index","Centralized index of all available tools and APIs",,,,,,,,,,,"2024-12-24T07:31:33.752000000Z","2024-12-24T07:30:00.157000000Z",,"sqlite",
"60","Tool",,,"query","Run a read-only SQL query",,,,"DATABASE",,"INDEXED_IN",,"29","ToolIndex",,,"Global Tool Index","Centralized index of all available tools and APIs",,,,,,,,,,,"2024-12-24T07:31:33.752000000Z","2024-12-24T07:30:00.157000000Z",,"postgres",
"87","Tool",,,"fork_repository","Fork a GitHub repository",,,,"GITHUB",,"INDEXED_IN",,"29","ToolIndex",,,"Global Tool Index","Centralized index of all available tools and APIs",,,,,,,,,,,"2024-12-24T07:31:53.045000000Z","2024-12-24T07:30:00.157000000Z",,"github",
"89","Tool",,,"puppeteer_navigate","Navigate to a URL",,,,"PUPPETEER",,"INDEXED_IN",,"29","ToolIndex",,,"Global Tool Index","Centralized index of all available tools and APIs",,,,,,,,,,,"2024-12-24T07:32:01.802000000Z","2024-12-24T07:30:00.157000000Z",,"puppeteer",
"90","Tool",,,"puppeteer_screenshot","Take a screenshot of page or element",,,,"PUPPETEER",,"INDEXED_IN",,"29","ToolIndex",,,"Global Tool Index","Centralized index of all available tools and APIs",,,,,,,,,,,"2024-12-24T07:32:01.802000000Z","2024-12-24T07:30:00.157000000Z",,"puppeteer",
"91","Tool",,,"puppeteer_click","Click an element on the page",,,,"PUPPETEER",,"INDEXED_IN",,"29","ToolIndex",,,"Global Tool Index","Centralized index of all available tools and APIs",,,,,,,,,,,"2024-12-24T07:32:01.802000000Z","2024-12-24T07:30:00.157000000Z",,"puppeteer",
"92","Tool",,,"puppeteer_fill","Fill out an input field",,,,"PUPPETEER",,"INDEXED_IN",,"29","ToolIndex",,,"Global Tool Index","Centralized index of all available tools and APIs",,,,,,,,,,,"2024-12-24T07:32:01.802000000Z","2024-12-24T07:30:00.157000000Z",,"puppeteer",
"93","Tool",,,"puppeteer_select","Select an element with Select tag",,,,"PUPPETEER",,"INDEXED_IN",,"29","ToolIndex",,,"Global Tool Index","Centralized index of all available tools and APIs",,,,,,,,,,,"2024-12-24T07:32:01.802000000Z","2024-12-24T07:30:00.157000000Z",,"puppeteer",
"94","Tool",,,"puppeteer_hover","Hover an element on the page",,,,"PUPPETEER",,"INDEXED_IN",,"29","ToolIndex",,,"Global Tool Index","Centralized index of all available tools and APIs",,,,,,,,,,,"2024-12-24T07:32:01.802000000Z","2024-12-24T07:30:00.157000000Z",,"puppeteer",
"95","Tool",,,"puppeteer_evaluate","Execute JavaScript in browser console",,,,"PUPPETEER",,"INDEXED_IN",,"29","ToolIndex",,,"Global Tool Index","Centralized index of all available tools and APIs",,,,,,,,,,,"2024-12-24T07:32:01.802000000Z","2024-12-24T07:30:00.157000000Z",,"puppeteer",
"96","Tool",,,"install_repo_mcp_server","Install MCP server via npx/uvx",,,,"MCP",,"INDEXED_IN",,"29","ToolIndex",,,"Global Tool Index","Centralized index of all available tools and APIs",,,,,,,,,,,"2024-12-24T07:32:01.802000000Z","2024-12-24T07:30:00.157000000Z",,"mcp-installer",
"97","Tool",,,"install_local_mcp_server","Install locally cloned MCP server",,,,"MCP",,"INDEXED_IN",,"29","ToolIndex",,,"Global Tool Index","Centralized index of all available tools and APIs",,,,,,,,,,,"2024-12-24T07:32:01.802000000Z","2024-12-24T07:30:00.157000000Z",,"mcp-installer",
"98","Tool",,,"run_command","Run a system command",,,,"SYSTEM",,"INDEXED_IN",,"29","ToolIndex",,,"Global Tool Index","Centralized index of all available tools and APIs",,,,,,,,,,,"2024-12-24T07:32:01.802000000Z","2024-12-24T07:30:00.157000000Z",,"mcp-server-commands",
"99","Tool",,,"run_script","Run a script file",,,,"SYSTEM",,"INDEXED_IN",,"29","ToolIndex",,,"Global Tool Index","Centralized index of all available tools and APIs",,,,,,,,,,,"2024-12-24T07:32:01.802000000Z","2024-12-24T07:30:00.157000000Z",,"mcp-server-commands",
"7","Workflow",,,"Web Search Workflow","A simple workflow for performing a web search",,,,,,"SIMILAR",,"15","MetaWorkflow",,,"Search With Error Handling","Combined workflow for search with error handling",,,,,,,,,,,,,,,0.3333333333333333
"15","MetaWorkflow",,,"Search With Error Handling","Combined workflow for search with error handling",,,,,,"SIMILAR",,"7","Workflow",,,"Web Search Workflow","A simple workflow for performing a web search",,,,,,,,,,,,,,,0.3333333333333333
"7","Workflow",,,"Web Search Workflow","A simple workflow for performing a web search",,,,,,"SIMILAR",,"15","MetaWorkflow",,,"Search With Error Handling","Combined workflow for search with error handling",,,,,,,,,,,,,,,0.25
"15","MetaWorkflow",,,"Search With Error Handling","Combined workflow for search with error handling",,,,,,"SIMILAR",,"7","Workflow",,,"Web Search Workflow","A simple workflow for performing a web search",,,,,,,,,,,,,,,0.25
"7","Workflow",,,"Web Search Workflow","A simple workflow for performing a web search",,,,,,"SIMILAR",,"15","MetaWorkflow",,,"Search With Error Handling","Combined workflow for search with error handling",,,,,,,,,,,,,,,0.25
"15","MetaWorkflow",,,"Search With Error Handling","Combined workflow for search with error handling",,,,,,"SIMILAR",,"7","Workflow",,,"Web Search Workflow","A simple workflow for performing a web search",,,,,,,,,,,,,,,0.25