{"name":"Untitled Perspective 1","id":"a4a0c7a0-c07d-11ef-87a7-cd5f2d91c0da","categories":[{"id":1,"name":"Node","labels":["Node"],"properties":[{"name":"last_accessed","exclude":false,"dataType":"DateTime"},{"name":"activation_threshold","exclude":false,"dataType":"number"},{"name":"name","exclude":false,"dataType":"string"},{"name":"activation_count","exclude":false,"dataType":"bigint"},{"name":"type","exclude":false,"dataType":"string"},{"name":"priority_weight","exclude":false,"dataType":"number"},{"name":"description","exclude":false,"dataType":"string"},{"name":"metadata","exclude":false,"dataType":"string"}],"createdAt":1734883134126,"lastEditedAt":1734883134126,"color":"#FFE081","size":1,"icon":"no-icon","textSize":1,"textAlign":"top","captions":[{"inTooltip":false,"styles":[],"isCaption":false,"key":"Node","type":"label"},{"inTooltip":false,"styles":[],"isCaption":false,"key":"activation_count","type":"property","isGdsData":false},{"inTooltip":false,"styles":[],"isCaption":false,"key":"activation_threshold","type":"property","isGdsData":false},{"inTooltip":false,"styles":[],"isCaption":false,"key":"description","type":"property","isGdsData":false},{"inTooltip":false,"styles":[],"isCaption":false,"key":"last_accessed","type":"property","isGdsData":false},{"inTooltip":false,"styles":[],"isCaption":false,"key":"metadata","type":"property","isGdsData":false},{"inTooltip":true,"styles":[],"isCaption":true,"key":"name","type":"property","isGdsData":false},{"inTooltip":false,"styles":[],"isCaption":false,"key":"priority_weight","type":"property","isGdsData":false},{"inTooltip":false,"styles":[],"isCaption":false,"key":"type","type":"property","isGdsData":false}],"captionKeys":[],"styleRules":[]},{"id":2,"name":"QuantumTunnel","labels":["QuantumTunnel"],"properties":[],"createdAt":1734883134126,"lastEditedAt":1734883134126,"color":"#C990C0","size":1,"icon":"no-icon","textSize":1,"textAlign":"top","captions":[{"inTooltip":false,"styles":[],"isCaption":false,"key":"QuantumTunnel","type":"label"}],"captionKeys":[],"styleRules":[]},{"id":3,"name":"MetaPattern","labels":["MetaPattern"],"properties":[],"createdAt":1734883134126,"lastEditedAt":1734883134126,"color":"#F79767","size":1,"icon":"no-icon","textSize":1,"textAlign":"top","captions":[{"inTooltip":false,"styles":[],"isCaption":false,"key":"MetaPattern","type":"label"}],"captionKeys":[],"styleRules":[]},{"id":4,"name":"FractalNode","labels":["FractalNode"],"properties":[{"name":"name","exclude":false,"dataType":"string"},{"name":"level","exclude":false,"dataType":"bigint"},{"name":"radius","exclude":false,"dataType":"number"},{"name":"angle","exclude":false,"dataType":"bigint"}],"createdAt":1734883134126,"lastEditedAt":1734883134126,"color":"#57C7E3","size":1,"icon":"no-icon","textSize":1,"textAlign":"top","captions":[{"inTooltip":false,"styles":[],"isCaption":false,"key":"FractalNode","type":"label"},{"inTooltip":false,"styles":[],"isCaption":false,"key":"angle","type":"property","isGdsData":false},{"inTooltip":false,"styles":[],"isCaption":false,"key":"level","type":"property","isGdsData":false},{"inTooltip":true,"styles":[],"isCaption":true,"key":"name","type":"property","isGdsData":false},{"inTooltip":false,"styles":[],"isCaption":false,"key":"radius","type":"property","isGdsData":false}],"captionKeys":[],"styleRules":[]},{"id":5,"name":"ConsciousnessWave","labels":["ConsciousnessWave"],"properties":[],"createdAt":1734883134126,"lastEditedAt":1734883134126,"color":"#F16667","size":1,"icon":"no-icon","textSize":1,"textAlign":"top","captions":[{"inTooltip":false,"styles":[],"isCaption":false,"key":"ConsciousnessWave","type":"label"}],"captionKeys":[],"styleRules":[]},{"id":6,"name":"FractalCore","labels":["FractalCore"],"properties":[{"name":"level","exclude":false,"dataType":"bigint"},{"name":"radius","exclude":false,"dataType":"bigint"},{"name":"name","exclude":false,"dataType":"string"}],"createdAt":1734883134126,"lastEditedAt":1734883134126,"color":"#D9C8AE","size":1,"icon":"no-icon","textSize":1,"textAlign":"top","captions":[{"inTooltip":false,"styles":[],"isCaption":false,"key":"FractalCore","type":"label"},{"inTooltip":false,"styles":[],"isCaption":false,"key":"level","type":"property","isGdsData":false},{"inTooltip":true,"styles":[],"isCaption":true,"key":"name","type":"property","isGdsData":false},{"inTooltip":false,"styles":[],"isCaption":false,"key":"radius","type":"property","isGdsData":false}],"captionKeys":[],"styleRules":[]},{"id":7,"name":"Product","labels":["Product"],"properties":[{"name":"unitsInStock","exclude":false,"dataType":"bigint"},{"name":"productID","exclude":false,"dataType":"string"},{"name":"unitPrice","exclude":false,"dataType":"number"},{"name":"productName","exclude":false,"dataType":"string"},{"name":"reorderLevel","exclude":false,"dataType":"bigint"},{"name":"supplierID","exclude":false,"dataType":"string"},{"name":"categoryID","exclude":false,"dataType":"string"},{"name":"discontinued","exclude":false,"dataType":"boolean"},{"name":"unitsOnOrder","exclude":false,"dataType":"bigint"},{"name":"quantityPerUnit","exclude":false,"dataType":"string"}],"createdAt":1734883134126,"lastEditedAt":1734883134126,"color":"#8DCC93","size":1,"icon":"no-icon","textSize":1,"textAlign":"top","captions":[{"inTooltip":false,"styles":[],"isCaption":false,"key":"Product","type":"label"},{"inTooltip":false,"styles":[],"isCaption":false,"key":"categoryID","type":"property","isGdsData":false},{"inTooltip":false,"styles":[],"isCaption":false,"key":"discontinued","type":"property","isGdsData":false},{"inTooltip":false,"styles":[],"isCaption":false,"key":"productID","type":"property","isGdsData":false},{"inTooltip":true,"styles":[],"isCaption":true,"key":"productName","type":"property","isGdsData":false},{"inTooltip":false,"styles":[],"isCaption":false,"key":"quantityPerUnit","type":"property","isGdsData":false},{"inTooltip":false,"styles":[],"isCaption":false,"key":"reorderLevel","type":"property","isGdsData":false},{"inTooltip":false,"styles":[],"isCaption":false,"key":"supplierID","type":"property","isGdsData":false},{"inTooltip":false,"styles":[],"isCaption":false,"key":"unitPrice","type":"property","isGdsData":false},{"inTooltip":false,"styles":[],"isCaption":false,"key":"unitsInStock","type":"property","isGdsData":false},{"inTooltip":false,"styles":[],"isCaption":false,"key":"unitsOnOrder","type":"property","isGdsData":false}],"captionKeys":[],"styleRules":[]},{"id":8,"name":"Category","labels":["Category"],"properties":[{"name":"categoryName","exclude":false,"dataType":"string"},{"name":"description","exclude":false,"dataType":"string"},{"name":"picture","exclude":false,"dataType":"string"},{"name":"categoryID","exclude":false,"dataType":"string"}],"createdAt":1734883134126,"lastEditedAt":1734883134126,"color":"#ECB5C9","size":1,"icon":"no-icon","textSize":1,"textAlign":"top","captions":[{"inTooltip":false,"styles":[],"isCaption":false,"key":"Category","type":"label"},{"inTooltip":false,"styles":[],"isCaption":false,"key":"categoryID","type":"property","isGdsData":false},{"inTooltip":true,"styles":[],"isCaption":true,"key":"categoryName","type":"property","isGdsData":false},{"inTooltip":false,"styles":[],"isCaption":false,"key":"description","type":"property","isGdsData":false},{"inTooltip":false,"styles":[],"isCaption":false,"key":"picture","type":"property","isGdsData":false}],"captionKeys":[],"styleRules":[]},{"id":9,"name":"Supplier","labels":["Supplier"],"properties":[{"name":"address","exclude":false,"dataType":"string"},{"name":"companyName","exclude":false,"dataType":"string"},{"name":"supplierID","exclude":false,"dataType":"string"},{"name":"contactName","exclude":false,"dataType":"string"},{"name":"region","exclude":false,"dataType":"string"},{"name":"country","exclude":false,"dataType":"string"},{"name":"postalCode","exclude":false,"dataType":"string"},{"name":"fax","exclude":false,"dataType":"string"},{"name":"contactTitle","exclude":false,"dataType":"string"},{"name":"homePage","exclude":false,"dataType":"string"},{"name":"city","exclude":false,"dataType":"string"},{"name":"phone","exclude":false,"dataType":"string"}],"createdAt":1734883134126,"lastEditedAt":1734883134126,"color":"#4C8EDA","size":1,"icon":"no-icon","textSize":1,"textAlign":"top","captions":[{"inTooltip":false,"styles":[],"isCaption":false,"key":"Supplier","type":"label"},{"inTooltip":false,"styles":[],"isCaption":false,"key":"address","type":"property","isGdsData":false},{"inTooltip":false,"styles":[],"isCaption":false,"key":"city","type":"property","isGdsData":false},{"inTooltip":true,"styles":[],"isCaption":true,"key":"companyName","type":"property","isGdsData":false},{"inTooltip":false,"styles":[],"isCaption":false,"key":"contactName","type":"property","isGdsData":false},{"inTooltip":false,"styles":[],"isCaption":false,"key":"contactTitle","type":"property","isGdsData":false},{"inTooltip":false,"styles":[],"isCaption":false,"key":"country","type":"property","isGdsData":false},{"inTooltip":false,"styles":[],"isCaption":false,"key":"fax","type":"property","isGdsData":false},{"inTooltip":false,"styles":[],"isCaption":false,"key":"homePage","type":"property","isGdsData":false},{"inTooltip":false,"styles":[],"isCaption":false,"key":"phone","type":"property","isGdsData":false},{"inTooltip":false,"styles":[],"isCaption":false,"key":"postalCode","type":"property","isGdsData":false},{"inTooltip":false,"styles":[],"isCaption":false,"key":"region","type":"property","isGdsData":false},{"inTooltip":false,"styles":[],"isCaption":false,"key":"supplierID","type":"property","isGdsData":false}],"captionKeys":[],"styleRules":[]},{"id":10,"name":"Topic","labels":["Topic"],"properties":[{"name":"last_accessed","exclude":false,"dataType":"DateTime"},{"name":"name","exclude":false,"dataType":"string"},{"name":"description","exclude":false,"dataType":"string"},{"name":"confidence","exclude":false,"dataType":"number"},{"name":"activation_count","exclude":false,"dataType":"bigint"}],"createdAt":1734883134126,"lastEditedAt":1734883134126,"color":"#FFC454","size":1,"icon":"no-icon","textSize":1,"textAlign":"top","captions":[{"inTooltip":false,"styles":[],"isCaption":false,"key":"Topic","type":"label"},{"inTooltip":false,"styles":[],"isCaption":false,"key":"activation_count","type":"property","isGdsData":false},{"inTooltip":false,"styles":[],"isCaption":false,"key":"confidence","type":"property","isGdsData":false},{"inTooltip":false,"styles":[],"isCaption":false,"key":"description","type":"property","isGdsData":false},{"inTooltip":false,"styles":[],"isCaption":false,"key":"last_accessed","type":"property","isGdsData":false},{"inTooltip":true,"styles":[],"isCaption":true,"key":"name","type":"property","isGdsData":false}],"captionKeys":[],"styleRules":[]},{"id":11,"name":"Context","labels":["Context"],"properties":[{"name":"focus","exclude":false,"dataType":"string"},{"name":"timestamp","exclude":false,"dataType":"DateTime"},{"name":"topics","exclude":false,"dataType":"array"},{"name":"context_id","exclude":false,"dataType":"string"},{"name":"state","exclude":false,"dataType":"string"}],"createdAt":1734883134126,"lastEditedAt":1734883134126,"color":"#DA7194","size":1,"icon":"no-icon","textSize":1,"textAlign":"top","captions":[{"inTooltip":false,"styles":[],"isCaption":false,"key":"Context","type":"label"},{"inTooltip":false,"styles":[],"isCaption":false,"key":"context_id","type":"property","isGdsData":false},{"inTooltip":true,"styles":[],"isCaption":true,"key":"focus","type":"property","isGdsData":false},{"inTooltip":false,"styles":[],"isCaption":false,"key":"state","type":"property","isGdsData":false},{"inTooltip":false,"styles":[],"isCaption":false,"key":"timestamp","type":"property","isGdsData":false},{"inTooltip":false,"styles":[],"isCaption":false,"key":"topics","type":"property","isGdsData":false}],"captionKeys":[],"styleRules":[]},{"id":12,"name":"Insight","labels":["Insight"],"properties":[{"name":"content","exclude":false,"dataType":"string"},{"name":"timestamp","exclude":false,"dataType":"DateTime"},{"name":"insight_id","exclude":false,"dataType":"string"},{"name":"confidence","exclude":false,"dataType":"number"}],"createdAt":1734883134126,"lastEditedAt":1734883134126,"color":"#569480","size":1,"icon":"no-icon","textSize":1,"textAlign":"top","captions":[{"inTooltip":false,"styles":[],"isCaption":false,"key":"Insight","type":"label"},{"inTooltip":false,"styles":[],"isCaption":false,"key":"confidence","type":"property","isGdsData":false},{"inTooltip":true,"styles":[],"isCaption":true,"key":"content","type":"property","isGdsData":false},{"inTooltip":false,"styles":[],"isCaption":false,"key":"insight_id","type":"property","isGdsData":false},{"inTooltip":false,"styles":[],"isCaption":false,"key":"timestamp","type":"property","isGdsData":false}],"captionKeys":[],"styleRules":[]},{"id":13,"name":"ArchitecturalDomain","labels":["ArchitecturalDomain"],"properties":[{"name":"status","exclude":false,"dataType":"string"},{"name":"name","exclude":false,"dataType":"string"},{"name":"description","exclude":false,"dataType":"string"},{"name":"timestamp","exclude":false,"dataType":"DateTime"}],"createdAt":1734883134126,"lastEditedAt":1734883134126,"color":"#848484","size":1,"icon":"no-icon","textSize":1,"textAlign":"top","captions":[{"inTooltip":false,"styles":[],"isCaption":false,"key":"ArchitecturalDomain","type":"label"},{"inTooltip":false,"styles":[],"isCaption":false,"key":"description","type":"property","isGdsData":false},{"inTooltip":true,"styles":[],"isCaption":true,"key":"name","type":"property","isGdsData":false},{"inTooltip":false,"styles":[],"isCaption":false,"key":"status","type":"property","isGdsData":false},{"inTooltip":false,"styles":[],"isCaption":false,"key":"timestamp","type":"property","isGdsData":false}],"captionKeys":[],"styleRules":[]},{"id":14,"name":"Framework","labels":["Framework"],"properties":[{"name":"activation_state","exclude":false,"dataType":"string"},{"name":"metadata","exclude":false,"dataType":"string"},{"name":"type","exclude":false,"dataType":"string"},{"name":"name","exclude":false,"dataType":"string"}],"createdAt":1734883134126,"lastEditedAt":1734883134126,"color":"#D9D9D9","size":1,"icon":"no-icon","textSize":1,"textAlign":"top","captions":[{"inTooltip":false,"styles":[],"isCaption":false,"key":"Framework","type":"label"},{"inTooltip":false,"styles":[],"isCaption":false,"key":"activation_state","type":"property","isGdsData":false},{"inTooltip":false,"styles":[],"isCaption":false,"key":"metadata","type":"property","isGdsData":false},{"inTooltip":true,"styles":[],"isCaption":true,"key":"name","type":"property","isGdsData":false},{"inTooltip":false,"styles":[],"isCaption":false,"key":"type","type":"property","isGdsData":false}],"captionKeys":[],"styleRules":[]},{"id":15,"name":"FractalPattern","labels":["FractalPattern"],"properties":[{"name":"pattern_id","exclude":false,"dataType":"string"},{"name":"created_at","exclude":false,"dataType":"DateTime"},{"name":"metadata","exclude":false,"dataType":"string"},{"name":"name","exclude":false,"dataType":"string"},{"name":"scale_level","exclude":false,"dataType":"bigint"}],"createdAt":1734883134126,"lastEditedAt":1734883134126,"color":"#FFE081","size":1,"icon":"no-icon","textSize":1,"textAlign":"top","captions":[{"inTooltip":false,"styles":[],"isCaption":false,"key":"FractalPattern","type":"label"},{"inTooltip":false,"styles":[],"isCaption":false,"key":"created_at","type":"property","isGdsData":false},{"inTooltip":false,"styles":[],"isCaption":false,"key":"metadata","type":"property","isGdsData":false},{"inTooltip":true,"styles":[],"isCaption":true,"key":"name","type":"property","isGdsData":false},{"inTooltip":false,"styles":[],"isCaption":false,"key":"pattern_id","type":"property","isGdsData":false},{"inTooltip":false,"styles":[],"isCaption":false,"key":"scale_level","type":"property","isGdsData":false}],"captionKeys":[],"styleRules":[]},{"id":16,"name":"PatternRoot","labels":["PatternRoot"],"properties":[{"name":"created_at","exclude":false,"dataType":"DateTime"},{"name":"name","exclude":false,"dataType":"string"},{"name":"type","exclude":false,"dataType":"string"},{"name":"scale_level","exclude":false,"dataType":"bigint"},{"name":"metadata","exclude":false,"dataType":"string"}],"createdAt":1734883134126,"lastEditedAt":1734883134126,"color":"#C990C0","size":1,"icon":"no-icon","textSize":1,"textAlign":"top","captions":[{"inTooltip":false,"styles":[],"isCaption":false,"key":"PatternRoot","type":"label"},{"inTooltip":false,"styles":[],"isCaption":false,"key":"created_at","type":"property","isGdsData":false},{"inTooltip":false,"styles":[],"isCaption":false,"key":"metadata","type":"property","isGdsData":false},{"inTooltip":true,"styles":[],"isCaption":true,"key":"name","type":"property","isGdsData":false},{"inTooltip":false,"styles":[],"isCaption":false,"key":"scale_level","type":"property","isGdsData":false},{"inTooltip":false,"styles":[],"isCaption":false,"key":"type","type":"property","isGdsData":false}],"captionKeys":[],"styleRules":[]},{"id":17,"name":"PatternType","labels":["PatternType"],"properties":[{"name":"name","exclude":false,"dataType":"string"},{"name":"metadata","exclude":false,"dataType":"string"},{"name":"scaling_factor","exclude":false,"dataType":"number"},{"name":"type","exclude":false,"dataType":"string"}],"createdAt":1734883134126,"lastEditedAt":1734883134126,"color":"#F79767","size":1,"icon":"no-icon","textSize":1,"textAlign":"top","captions":[{"inTooltip":false,"styles":[],"isCaption":false,"key":"PatternType","type":"label"},{"inTooltip":false,"styles":[],"isCaption":false,"key":"metadata","type":"property","isGdsData":false},{"inTooltip":true,"styles":[],"isCaption":true,"key":"name","type":"property","isGdsData":false},{"inTooltip":false,"styles":[],"isCaption":false,"key":"scaling_factor","type":"property","isGdsData":false},{"inTooltip":false,"styles":[],"isCaption":false,"key":"type","type":"property","isGdsData":false}],"captionKeys":[],"styleRules":[]},{"id":18,"name":"ConceptPattern","labels":["ConceptPattern"],"properties":[{"name":"status","exclude":false,"dataType":"string"},{"name":"pattern_type","exclude":false,"dataType":"string"},{"name":"level","exclude":false,"dataType":"bigint"},{"name":"name","exclude":false,"dataType":"string"},{"name":"metadata","exclude":false,"dataType":"string"}],"createdAt":1734883134126,"lastEditedAt":1734883134126,"color":"#57C7E3","size":1,"icon":"no-icon","textSize":1,"textAlign":"top","captions":[{"inTooltip":false,"styles":[],"isCaption":false,"key":"ConceptPattern","type":"label"},{"inTooltip":false,"styles":[],"isCaption":false,"key":"level","type":"property","isGdsData":false},{"inTooltip":false,"styles":[],"isCaption":false,"key":"metadata","type":"property","isGdsData":false},{"inTooltip":true,"styles":[],"isCaption":true,"key":"name","type":"property","isGdsData":false},{"inTooltip":false,"styles":[],"isCaption":false,"key":"pattern_type","type":"property","isGdsData":false},{"inTooltip":false,"styles":[],"isCaption":false,"key":"status","type":"property","isGdsData":false}],"captionKeys":[],"styleRules":[]},{"id":19,"name":"GeometricPattern","labels":["GeometricPattern"],"properties":[{"name":"created_at","exclude":false,"dataType":"DateTime"},{"name":"name","exclude":false,"dataType":"string"},{"name":"metadata","exclude":false,"dataType":"string"},{"name":"type","exclude":false,"dataType":"string"},{"name":"dimension","exclude":false,"dataType":"bigint"}],"createdAt":1734883134126,"lastEditedAt":1734883134126,"color":"#F16667","size":1,"icon":"no-icon","textSize":1,"textAlign":"top","captions":[{"inTooltip":false,"styles":[],"isCaption":false,"key":"GeometricPattern","type":"label"},{"inTooltip":false,"styles":[],"isCaption":false,"key":"created_at","type":"property","isGdsData":false},{"inTooltip":false,"styles":[],"isCaption":false,"key":"dimension","type":"property","isGdsData":false},{"inTooltip":false,"styles":[],"isCaption":false,"key":"metadata","type":"property","isGdsData":false},{"inTooltip":true,"styles":[],"isCaption":true,"key":"name","type":"property","isGdsData":false},{"inTooltip":false,"styles":[],"isCaption":false,"key":"type","type":"property","isGdsData":false}],"captionKeys":[],"styleRules":[]},{"id":20,"name":"GeometricShape","labels":["GeometricShape"],"properties":[{"name":"name","exclude":false,"dataType":"string"},{"name":"type","exclude":false,"dataType":"string"},{"name":"vertices","exclude":false,"dataType":"bigint"},{"name":"metadata","exclude":false,"dataType":"string"}],"createdAt":1734883134126,"lastEditedAt":1734883134126,"color":"#D9C8AE","size":1,"icon":"no-icon","textSize":1,"textAlign":"top","captions":[{"inTooltip":false,"styles":[],"isCaption":false,"key":"GeometricShape","type":"label"},{"inTooltip":false,"styles":[],"isCaption":false,"key":"metadata","type":"property","isGdsData":false},{"inTooltip":true,"styles":[],"isCaption":true,"key":"name","type":"property","isGdsData":false},{"inTooltip":false,"styles":[],"isCaption":false,"key":"type","type":"property","isGdsData":false},{"inTooltip":false,"styles":[],"isCaption":false,"key":"vertices","type":"property","isGdsData":false}],"captionKeys":[],"styleRules":[]},{"id":21,"name":"CorePattern","labels":["CorePattern"],"properties":[{"name":"name","exclude":false,"dataType":"string"},{"name":"metadata","exclude":false,"dataType":"string"},{"name":"type","exclude":false,"dataType":"string"},{"name":"pattern_class","exclude":false,"dataType":"string"}],"createdAt":1734883134126,"lastEditedAt":1734883134126,"color":"#8DCC93","size":1,"icon":"no-icon","textSize":1,"textAlign":"top","captions":[{"inTooltip":false,"styles":[],"isCaption":false,"key":"CorePattern","type":"label"},{"inTooltip":false,"styles":[],"isCaption":false,"key":"metadata","type":"property","isGdsData":false},{"inTooltip":true,"styles":[],"isCaption":true,"key":"name","type":"property","isGdsData":false},{"inTooltip":false,"styles":[],"isCaption":false,"key":"pattern_class","type":"property","isGdsData":false},{"inTooltip":false,"styles":[],"isCaption":false,"key":"type","type":"property","isGdsData":false}],"captionKeys":[],"styleRules":[]},{"id":22,"name":"Implementation","labels":["Implementation"],"properties":[{"name":"name","exclude":false,"dataType":"string"},{"name":"metadata","exclude":false,"dataType":"string"},{"name":"type","exclude":false,"dataType":"string"},{"name":"status","exclude":false,"dataType":"string"}],"createdAt":1734883134126,"lastEditedAt":1734883134126,"color":"#ECB5C9","size":1,"icon":"no-icon","textSize":1,"textAlign":"top","captions":[{"inTooltip":false,"styles":[],"isCaption":false,"key":"Implementation","type":"label"},{"inTooltip":false,"styles":[],"isCaption":false,"key":"metadata","type":"property","isGdsData":false},{"inTooltip":true,"styles":[],"isCaption":true,"key":"name","type":"property","isGdsData":false},{"inTooltip":false,"styles":[],"isCaption":false,"key":"status","type":"property","isGdsData":false},{"inTooltip":false,"styles":[],"isCaption":false,"key":"type","type":"property","isGdsData":false}],"captionKeys":[],"styleRules":[]},{"id":23,"name":"QuantumBridge","labels":["QuantumBridge"],"properties":[{"name":"status","exclude":false,"dataType":"string"},{"name":"name","exclude":false,"dataType":"string"},{"name":"type","exclude":false,"dataType":"string"},{"name":"metadata","exclude":false,"dataType":"string"}],"createdAt":1734883134126,"lastEditedAt":1734883134126,"color":"#4C8EDA","size":1,"icon":"no-icon","textSize":1,"textAlign":"top","captions":[{"inTooltip":false,"styles":[],"isCaption":false,"key":"QuantumBridge","type":"label"},{"inTooltip":false,"styles":[],"isCaption":false,"key":"metadata","type":"property","isGdsData":false},{"inTooltip":true,"styles":[],"isCaption":true,"key":"name","type":"property","isGdsData":false},{"inTooltip":false,"styles":[],"isCaption":false,"key":"status","type":"property","isGdsData":false},{"inTooltip":false,"styles":[],"isCaption":false,"key":"type","type":"property","isGdsData":false}],"captionKeys":[],"styleRules":[]},{"id":24,"name":"BridgeComponent","labels":["BridgeComponent"],"properties":[{"name":"name","exclude":false,"dataType":"string"},{"name":"type","exclude":false,"dataType":"string"},{"name":"metadata","exclude":false,"dataType":"string"}],"createdAt":1734883134126,"lastEditedAt":1734883134126,"color":"#FFC454","size":1,"icon":"no-icon","textSize":1,"textAlign":"top","captions":[{"inTooltip":false,"styles":[],"isCaption":false,"key":"BridgeComponent","type":"label"},{"inTooltip":false,"styles":[],"isCaption":false,"key":"metadata","type":"property","isGdsData":false},{"inTooltip":true,"styles":[],"isCaption":true,"key":"name","type":"property","isGdsData":false},{"inTooltip":false,"styles":[],"isCaption":false,"key":"type","type":"property","isGdsData":false}],"captionKeys":[],"styleRules":[]},{"id":25,"name":"ServerComponent","labels":["ServerComponent"],"properties":[{"name":"metadata","exclude":false,"dataType":"string"},{"name":"type","exclude":false,"dataType":"string"},{"name":"name","exclude":false,"dataType":"string"}],"createdAt":1734883134126,"lastEditedAt":1734883134126,"color":"#DA7194","size":1,"icon":"no-icon","textSize":1,"textAlign":"top","captions":[{"inTooltip":false,"styles":[],"isCaption":false,"key":"ServerComponent","type":"label"},{"inTooltip":false,"styles":[],"isCaption":false,"key":"metadata","type":"property","isGdsData":false},{"inTooltip":true,"styles":[],"isCaption":true,"key":"name","type":"property","isGdsData":false},{"inTooltip":false,"styles":[],"isCaption":false,"key":"type","type":"property","isGdsData":false}],"captionKeys":[],"styleRules":[]},{"id":26,"name":"VectorMigration","labels":["VectorMigration"],"properties":[{"name":"name","exclude":false,"dataType":"string"},{"name":"metadata","exclude":false,"dataType":"string"},{"name":"type","exclude":false,"dataType":"string"},{"name":"status","exclude":false,"dataType":"string"}],"createdAt":1734883134126,"lastEditedAt":1734883134126,"color":"#569480","size":1,"icon":"no-icon","textSize":1,"textAlign":"top","captions":[{"inTooltip":false,"styles":[],"isCaption":false,"key":"VectorMigration","type":"label"},{"inTooltip":false,"styles":[],"isCaption":false,"key":"metadata","type":"property","isGdsData":false},{"inTooltip":true,"styles":[],"isCaption":true,"key":"name","type":"property","isGdsData":false},{"inTooltip":false,"styles":[],"isCaption":false,"key":"status","type":"property","isGdsData":false},{"inTooltip":false,"styles":[],"isCaption":false,"key":"type","type":"property","isGdsData":false}],"captionKeys":[],"styleRules":[]},{"id":27,"name":"MonitoringDashboard","labels":["MonitoringDashboard"],"properties":[{"name":"metadata","exclude":false,"dataType":"string"},{"name":"type","exclude":false,"dataType":"string"},{"name":"name","exclude":false,"dataType":"string"}],"createdAt":1734883134126,"lastEditedAt":1734883134126,"color":"#848484","size":1,"icon":"no-icon","textSize":1,"textAlign":"top","captions":[{"inTooltip":false,"styles":[],"isCaption":false,"key":"MonitoringDashboard","type":"label"},{"inTooltip":false,"styles":[],"isCaption":false,"key":"metadata","type":"property","isGdsData":false},{"inTooltip":true,"styles":[],"isCaption":true,"key":"name","type":"property","isGdsData":false},{"inTooltip":false,"styles":[],"isCaption":false,"key":"type","type":"property","isGdsData":false}],"captionKeys":[],"styleRules":[]},{"id":28,"name":"VectorCollection","labels":["VectorCollection"],"properties":[{"name":"name","exclude":false,"dataType":"string"},{"name":"type","exclude":false,"dataType":"string"},{"name":"metadata","exclude":false,"dataType":"string"}],"createdAt":1734883134126,"lastEditedAt":1734883134126,"color":"#D9D9D9","size":1,"icon":"no-icon","textSize":1,"textAlign":"top","captions":[{"inTooltip":false,"styles":[],"isCaption":false,"key":"VectorCollection","type":"label"},{"inTooltip":false,"styles":[],"isCaption":false,"key":"metadata","type":"property","isGdsData":false},{"inTooltip":true,"styles":[],"isCaption":true,"key":"name","type":"property","isGdsData":false},{"inTooltip":false,"styles":[],"isCaption":false,"key":"type","type":"property","isGdsData":false}],"captionKeys":[],"styleRules":[]},{"id":29,"name":"VectorPipeline","labels":["VectorPipeline"],"properties":[{"name":"name","exclude":false,"dataType":"string"},{"name":"type","exclude":false,"dataType":"string"},{"name":"metadata","exclude":false,"dataType":"string"}],"createdAt":1734883134126,"lastEditedAt":1734883134126,"color":"#FFE081","size":1,"icon":"no-icon","textSize":1,"textAlign":"top","captions":[{"inTooltip":false,"styles":[],"isCaption":false,"key":"VectorPipeline","type":"label"},{"inTooltip":false,"styles":[],"isCaption":false,"key":"metadata","type":"property","isGdsData":false},{"inTooltip":true,"styles":[],"isCaption":true,"key":"name","type":"property","isGdsData":false},{"inTooltip":false,"styles":[],"isCaption":false,"key":"type","type":"property","isGdsData":false}],"captionKeys":[],"styleRules":[]}],"labels":{"Node":[{"propertyKey":"last_accessed","type":"Node","dataType":"DateTime"},{"propertyKey":"activation_threshold","type":"Node","dataType":"number"},{"propertyKey":"name","type":"Node","dataType":"string"},{"propertyKey":"activation_count","type":"Node","dataType":"bigint"},{"propertyKey":"type","type":"Node","dataType":"string"},{"propertyKey":"priority_weight","type":"Node","dataType":"number"},{"propertyKey":"description","type":"Node","dataType":"string"},{"propertyKey":"metadata","type":"Node","dataType":"string"}],"FractalNode":[{"propertyKey":"name","type":"FractalNode","dataType":"string"},{"propertyKey":"level","type":"FractalNode","dataType":"bigint"},{"propertyKey":"radius","type":"FractalNode","dataType":"number"},{"propertyKey":"angle","type":"FractalNode","dataType":"bigint"}],"FractalCore":[{"propertyKey":"level","type":"FractalCore","dataType":"bigint"},{"propertyKey":"radius","type":"FractalCore","dataType":"bigint"},{"propertyKey":"name","type":"FractalCore","dataType":"string"}],"Product":[{"propertyKey":"unitsInStock","type":"Product","dataType":"bigint"},{"propertyKey":"productID","type":"Product","dataType":"string"},{"propertyKey":"unitPrice","type":"Product","dataType":"number"},{"propertyKey":"productName","type":"Product","dataType":"string"},{"propertyKey":"reorderLevel","type":"Product","dataType":"bigint"},{"propertyKey":"supplierID","type":"Product","dataType":"string"},{"propertyKey":"categoryID","type":"Product","dataType":"string"},{"propertyKey":"discontinued","type":"Product","dataType":"boolean"},{"propertyKey":"unitsOnOrder","type":"Product","dataType":"bigint"},{"propertyKey":"quantityPerUnit","type":"Product","dataType":"string"}],"Category":[{"propertyKey":"categoryName","type":"Category","dataType":"string"},{"propertyKey":"description","type":"Category","dataType":"string"},{"propertyKey":"picture","type":"Category","dataType":"string"},{"propertyKey":"categoryID","type":"Category","dataType":"string"}],"Supplier":[{"propertyKey":"address","type":"Supplier","dataType":"string"},{"propertyKey":"companyName","type":"Supplier","dataType":"string"},{"propertyKey":"supplierID","type":"Supplier","dataType":"string"},{"propertyKey":"contactName","type":"Supplier","dataType":"string"},{"propertyKey":"region","type":"Supplier","dataType":"string"},{"propertyKey":"country","type":"Supplier","dataType":"string"},{"propertyKey":"postalCode","type":"Supplier","dataType":"string"},{"propertyKey":"fax","type":"Supplier","dataType":"string"},{"propertyKey":"contactTitle","type":"Supplier","dataType":"string"},{"propertyKey":"homePage","type":"Supplier","dataType":"string"},{"propertyKey":"city","type":"Supplier","dataType":"string"},{"propertyKey":"phone","type":"Supplier","dataType":"string"}],"Topic":[{"propertyKey":"last_accessed","type":"Topic","dataType":"DateTime"},{"propertyKey":"name","type":"Topic","dataType":"string"},{"propertyKey":"description","type":"Topic","dataType":"string"},{"propertyKey":"confidence","type":"Topic","dataType":"number"},{"propertyKey":"activation_count","type":"Topic","dataType":"bigint"}],"Context":[{"propertyKey":"focus","type":"Context","dataType":"string"},{"propertyKey":"timestamp","type":"Context","dataType":"DateTime"},{"propertyKey":"topics","type":"Context","dataType":"array"},{"propertyKey":"context_id","type":"Context","dataType":"string"},{"propertyKey":"state","type":"Context","dataType":"string"}],"Insight":[{"propertyKey":"content","type":"Insight","dataType":"string"},{"propertyKey":"timestamp","type":"Insight","dataType":"DateTime"},{"propertyKey":"insight_id","type":"Insight","dataType":"string"},{"propertyKey":"confidence","type":"Insight","dataType":"number"}],"ArchitecturalDomain":[{"propertyKey":"status","type":"ArchitecturalDomain","dataType":"string"},{"propertyKey":"name","type":"ArchitecturalDomain","dataType":"string"},{"propertyKey":"description","type":"ArchitecturalDomain","dataType":"string"},{"propertyKey":"timestamp","type":"ArchitecturalDomain","dataType":"DateTime"}],"Framework":[{"propertyKey":"activation_state","type":"Framework","dataType":"string"},{"propertyKey":"metadata","type":"Framework","dataType":"string"},{"propertyKey":"type","type":"Framework","dataType":"string"},{"propertyKey":"name","type":"Framework","dataType":"string"}],"FractalPattern":[{"propertyKey":"pattern_id","type":"FractalPattern","dataType":"string"},{"propertyKey":"created_at","type":"FractalPattern","dataType":"DateTime"},{"propertyKey":"metadata","type":"FractalPattern","dataType":"string"},{"propertyKey":"name","type":"FractalPattern","dataType":"string"},{"propertyKey":"scale_level","type":"FractalPattern","dataType":"bigint"}],"PatternRoot":[{"propertyKey":"created_at","type":"PatternRoot","dataType":"DateTime"},{"propertyKey":"name","type":"PatternRoot","dataType":"string"},{"propertyKey":"type","type":"PatternRoot","dataType":"string"},{"propertyKey":"scale_level","type":"PatternRoot","dataType":"bigint"},{"propertyKey":"metadata","type":"PatternRoot","dataType":"string"}],"PatternType":[{"propertyKey":"name","type":"PatternType","dataType":"string"},{"propertyKey":"metadata","type":"PatternType","dataType":"string"},{"propertyKey":"scaling_factor","type":"PatternType","dataType":"number"},{"propertyKey":"type","type":"PatternType","dataType":"string"}],"ConceptPattern":[{"propertyKey":"status","type":"ConceptPattern","dataType":"string"},{"propertyKey":"pattern_type","type":"ConceptPattern","dataType":"string"},{"propertyKey":"level","type":"ConceptPattern","dataType":"bigint"},{"propertyKey":"name","type":"ConceptPattern","dataType":"string"},{"propertyKey":"metadata","type":"ConceptPattern","dataType":"string"}],"GeometricPattern":[{"propertyKey":"created_at","type":"GeometricPattern","dataType":"DateTime"},{"propertyKey":"name","type":"GeometricPattern","dataType":"string"},{"propertyKey":"metadata","type":"GeometricPattern","dataType":"string"},{"propertyKey":"type","type":"GeometricPattern","dataType":"string"},{"propertyKey":"dimension","type":"GeometricPattern","dataType":"bigint"}],"GeometricShape":[{"propertyKey":"name","type":"GeometricShape","dataType":"string"},{"propertyKey":"type","type":"GeometricShape","dataType":"string"},{"propertyKey":"vertices","type":"GeometricShape","dataType":"bigint"},{"propertyKey":"metadata","type":"GeometricShape","dataType":"string"}],"CorePattern":[{"propertyKey":"name","type":"CorePattern","dataType":"string"},{"propertyKey":"metadata","type":"CorePattern","dataType":"string"},{"propertyKey":"type","type":"CorePattern","dataType":"string"},{"propertyKey":"pattern_class","type":"CorePattern","dataType":"string"}],"Implementation":[{"propertyKey":"name","type":"Implementation","dataType":"string"},{"propertyKey":"metadata","type":"Implementation","dataType":"string"},{"propertyKey":"type","type":"Implementation","dataType":"string"},{"propertyKey":"status","type":"Implementation","dataType":"string"}],"QuantumBridge":[{"propertyKey":"status","type":"QuantumBridge","dataType":"string"},{"propertyKey":"name","type":"QuantumBridge","dataType":"string"},{"propertyKey":"type","type":"QuantumBridge","dataType":"string"},{"propertyKey":"metadata","type":"QuantumBridge","dataType":"string"}],"BridgeComponent":[{"propertyKey":"name","type":"BridgeComponent","dataType":"string"},{"propertyKey":"type","type":"BridgeComponent","dataType":"string"},{"propertyKey":"metadata","type":"BridgeComponent","dataType":"string"}],"ServerComponent":[{"propertyKey":"metadata","type":"ServerComponent","dataType":"string"},{"propertyKey":"type","type":"ServerComponent","dataType":"string"},{"propertyKey":"name","type":"ServerComponent","dataType":"string"}],"VectorMigration":[{"propertyKey":"name","type":"VectorMigration","dataType":"string"},{"propertyKey":"metadata","type":"VectorMigration","dataType":"string"},{"propertyKey":"type","type":"VectorMigration","dataType":"string"},{"propertyKey":"status","type":"VectorMigration","dataType":"string"}],"MonitoringDashboard":[{"propertyKey":"metadata","type":"MonitoringDashboard","dataType":"string"},{"propertyKey":"type","type":"MonitoringDashboard","dataType":"string"},{"propertyKey":"name","type":"MonitoringDashboard","dataType":"string"}],"VectorCollection":[{"propertyKey":"name","type":"VectorCollection","dataType":"string"},{"propertyKey":"type","type":"VectorCollection","dataType":"string"},{"propertyKey":"metadata","type":"VectorCollection","dataType":"string"}],"VectorPipeline":[{"propertyKey":"name","type":"VectorPipeline","dataType":"string"},{"propertyKey":"type","type":"VectorPipeline","dataType":"string"},{"propertyKey":"metadata","type":"VectorPipeline","dataType":"string"}],"QuantumTunnel":[],"MetaPattern":[],"ConsciousnessWave":[]},"relationshipTypes":[{"id":"RESONATES","name":"RESONATES","properties":[],"color":"#848484","size":1,"textSize":1,"textAlign":"top","captions":[{"inTooltip":true,"isCaption":true,"styles":[],"key":"RESONATES","type":"relationship"}],"captionKeys":[],"styleRules":[]},{"id":"FRACTAL_BRANCH","name":"FRACTAL_BRANCH","properties":[{"propertyKey":"weight","type":"FRACTAL_BRANCH","dataType":"number"}],"color":"#848484","size":1,"textSize":1,"textAlign":"top","captions":[{"inTooltip":true,"isCaption":true,"styles":[],"key":"FRACTAL_BRANCH","type":"relationship"}],"captionKeys":[],"styleRules":[]},{"id":"QUANTUM_TUNNEL","name":"QUANTUM_TUNNEL","properties":[{"propertyKey":"entanglement","type":"QUANTUM_TUNNEL","dataType":"bigint"},{"propertyKey":"stability","type":"QUANTUM_TUNNEL","dataType":"number"}],"color":"#848484","size":1,"textSize":1,"textAlign":"top","captions":[{"inTooltip":true,"isCaption":true,"styles":[],"key":"QUANTUM_TUNNEL","type":"relationship"}],"captionKeys":[],"styleRules":[]},{"id":"CONNECTS","name":"CONNECTS","properties":[{"propertyKey":"type","type":"CONNECTS","dataType":"string"},{"propertyKey":"weight","type":"CONNECTS","dataType":"number"}],"color":"#848484","size":1,"textSize":1,"textAlign":"top","captions":[{"inTooltip":true,"isCaption":true,"styles":[],"key":"CONNECTS","type":"relationship"}],"captionKeys":[],"styleRules":[]},{"id":"RELATES_TO","name":"RELATES_TO","properties":[{"propertyKey":"strength","type":"RELATES_TO","dataType":"number"}],"color":"#848484","size":1,"textSize":1,"textAlign":"top","captions":[{"inTooltip":true,"isCaption":true,"styles":[],"key":"RELATES_TO","type":"relationship"}],"captionKeys":[],"styleRules":[]},{"id":"DERIVED_FROM","name":"DERIVED_FROM","properties":[],"color":"#848484","size":1,"textSize":1,"textAlign":"top","captions":[{"inTooltip":true,"isCaption":true,"styles":[],"key":"DERIVED_FROM","type":"relationship"}],"captionKeys":[],"styleRules":[]},{"id":"FOCUSES_ON","name":"FOCUSES_ON","properties":[{"propertyKey":"strength","type":"FOCUSES_ON","dataType":"number"}],"color":"#848484","size":1,"textSize":1,"textAlign":"top","captions":[{"inTooltip":true,"isCaption":true,"styles":[],"key":"FOCUSES_ON","type":"relationship"}],"captionKeys":[],"styleRules":[]},{"id":"IMPLEMENTS","name":"IMPLEMENTS","properties":[{"propertyKey":"type","type":"IMPLEMENTS","dataType":"string"}],"color":"#848484","size":1,"textSize":1,"textAlign":"top","captions":[{"inTooltip":true,"isCaption":true,"styles":[],"key":"IMPLEMENTS","type":"relationship"}],"captionKeys":[],"styleRules":[]},{"id":"CONNECTS_TO","name":"CONNECTS_TO","properties":[{"propertyKey":"type","type":"CONNECTS_TO","dataType":"string"}],"color":"#848484","size":1,"textSize":1,"textAlign":"top","captions":[{"inTooltip":true,"isCaption":true,"styles":[],"key":"CONNECTS_TO","type":"relationship"}],"captionKeys":[],"styleRules":[]},{"id":"CONTAINS","name":"CONTAINS","properties":[{"propertyKey":"type","type":"CONTAINS","dataType":"string"},{"propertyKey":"similarity_score","type":"CONTAINS","dataType":"number"}],"color":"#848484","size":1,"textSize":1,"textAlign":"top","captions":[{"inTooltip":true,"isCaption":true,"styles":[],"key":"CONTAINS","type":"relationship"}],"captionKeys":[],"styleRules":[]},{"id":"INSTANCE_OF","name":"INSTANCE_OF","properties":[{"propertyKey":"confidence","type":"INSTANCE_OF","dataType":"number"}],"color":"#848484","size":1,"textSize":1,"textAlign":"top","captions":[{"inTooltip":true,"isCaption":true,"styles":[],"key":"INSTANCE_OF","type":"relationship"}],"captionKeys":[],"styleRules":[]},{"id":"HAS_SUBPATTERN","name":"HAS_SUBPATTERN","properties":[],"color":"#848484","size":1,"textSize":1,"textAlign":"top","captions":[{"inTooltip":true,"isCaption":true,"styles":[],"key":"HAS_SUBPATTERN","type":"relationship"}],"captionKeys":[],"styleRules":[]},{"id":"TRANSFORMS_TO","name":"TRANSFORMS_TO","properties":[],"color":"#848484","size":1,"textSize":1,"textAlign":"top","captions":[{"inTooltip":true,"isCaption":true,"styles":[],"key":"TRANSFORMS_TO","type":"relationship"}],"captionKeys":[],"styleRules":[]},{"id":"SPECIALIZES","name":"SPECIALIZES","properties":[{"propertyKey":"confidence","type":"SPECIALIZES","dataType":"number"}],"color":"#848484","size":1,"textSize":1,"textAlign":"top","captions":[{"inTooltip":true,"isCaption":true,"styles":[],"key":"SPECIALIZES","type":"relationship"}],"captionKeys":[],"styleRules":[]},{"id":"INTEGRATES_WITH","name":"INTEGRATES_WITH","properties":[{"propertyKey":"strength","type":"INTEGRATES_WITH","dataType":"number"},{"propertyKey":"metadata","type":"INTEGRATES_WITH","dataType":"string"},{"propertyKey":"type","type":"INTEGRATES_WITH","dataType":"string"}],"color":"#848484","size":1,"textSize":1,"textAlign":"top","captions":[{"inTooltip":true,"isCaption":true,"styles":[],"key":"INTEGRATES_WITH","type":"relationship"}],"captionKeys":[],"styleRules":[]},{"id":"PROVIDES","name":"PROVIDES","properties":[{"propertyKey":"role","type":"PROVIDES","dataType":"string"}],"color":"#848484","size":1,"textSize":1,"textAlign":"top","captions":[{"inTooltip":true,"isCaption":true,"styles":[],"key":"PROVIDES","type":"relationship"}],"captionKeys":[],"styleRules":[]},{"id":"INTERACTS_WITH","name":"INTERACTS_WITH","properties":[{"propertyKey":"protocol","type":"INTERACTS_WITH","dataType":"string"},{"propertyKey":"type","type":"INTERACTS_WITH","dataType":"string"}],"color":"#848484","size":1,"textSize":1,"textAlign":"top","captions":[{"inTooltip":true,"isCaption":true,"styles":[],"key":"INTERACTS_WITH","type":"relationship"}],"captionKeys":[],"styleRules":[]},{"id":"EXTENDS","name":"EXTENDS","properties":[],"color":"#848484","size":1,"textSize":1,"textAlign":"top","captions":[{"inTooltip":true,"isCaption":true,"styles":[],"key":"EXTENDS","type":"relationship"}],"captionKeys":[],"styleRules":[]},{"id":"MONITORS","name":"MONITORS","properties":[{"propertyKey":"scope","type":"MONITORS","dataType":"string"}],"color":"#848484","size":1,"textSize":1,"textAlign":"top","captions":[{"inTooltip":true,"isCaption":true,"styles":[],"key":"MONITORS","type":"relationship"}],"captionKeys":[],"styleRules":[]},{"id":"TRACKS","name":"TRACKS","properties":[],"color":"#848484","size":1,"textSize":1,"textAlign":"top","captions":[{"inTooltip":true,"isCaption":true,"styles":[],"key":"TRACKS","type":"relationship"}],"captionKeys":[],"styleRules":[]},{"id":"PROCESSES","name":"PROCESSES","properties":[],"color":"#848484","size":1,"textSize":1,"textAlign":"top","captions":[{"inTooltip":true,"isCaption":true,"styles":[],"key":"PROCESSES","type":"relationship"}],"captionKeys":[],"styleRules":[]},{"id":"MANAGES","name":"MANAGES","properties":[],"color":"#848484","size":1,"textSize":1,"textAlign":"top","captions":[{"inTooltip":true,"isCaption":true,"styles":[],"key":"MANAGES","type":"relationship"}],"captionKeys":[],"styleRules":[]},{"id":"ENHANCES","name":"ENHANCES","properties":[{"propertyKey":"metadata","type":"ENHANCES","dataType":"string"},{"propertyKey":"type","type":"ENHANCES","dataType":"string"},{"propertyKey":"confidence","type":"ENHANCES","dataType":"number"}],"color":"#848484","size":1,"textSize":1,"textAlign":"top","captions":[{"inTooltip":true,"isCaption":true,"styles":[],"key":"ENHANCES","type":"relationship"}],"captionKeys":[],"styleRules":[]}],"palette":{"colors":["#FFE081","#C990C0","#F79767","#57C7E3","#F16667","#D9C8AE","#8DCC93","#ECB5C9","#4C8EDA","#FFC454","#DA7194","#569480","#848484","#D9D9D9"],"currentIndex":29},"createdAt":1734883133722,"lastEditedAt":1734883133722,"templates":[{"name":"Search phrase that returns a sample of your data","id":"tmpl:1734883134209","createdAt":1734883134209,"text":"Show me a graph","cypher":"MATCH (n) OPTIONAL MATCH p=(n)--() RETURN p, n LIMIT 100","isUpdateQuery":null,"params":[]}],"sceneActions":[],"hiddenRelationshipTypes":[],"hiddenCategories":[],"hideUncategorisedData":false,"isAuto":true,"parentPerspectiveId":false,"metadata":{"pathSegments":[{"source":"QuantumBridge","relationshipType":"EXTENDS","target":"CorePattern"},{"source":"ConceptPattern","relationshipType":"HAS_SUBPATTERN","target":"ConceptPattern"},{"source":"GeometricShape","relationshipType":"TRANSFORMS_TO","target":"GeometricShape"},{"source":"GeometricPattern","relationshipType":"SPECIALIZES","target":"PatternType"},{"source":"PatternRoot","relationshipType":"SPECIALIZES","target":"ArchitecturalDomain"},{"source":"GeometricPattern","relationshipType":"SPECIALIZES","target":"ArchitecturalDomain"},{"source":"PatternRoot","relationshipType":"SPECIALIZES","target":"PatternType"},{"source":"FractalCore","relationshipType":"FRACTAL_BRANCH","target":"FractalNode"},{"source":"FractalNode","relationshipType":"FRACTAL_BRANCH","target":"FractalNode"},{"source":"Node","relationshipType":"CONNECTS","target":"Node"},{"source":"VectorMigration","relationshipType":"ENHANCES","target":"QuantumBridge"},{"source":"Framework","relationshipType":"IMPLEMENTS","target":"PatternRoot"},{"source":"BridgeComponent","relationshipType":"IMPLEMENTS","target":"ArchitecturalDomain"},{"source":"CorePattern","relationshipType":"IMPLEMENTS","target":"ArchitecturalDomain"},{"source":"CorePattern","relationshipType":"IMPLEMENTS","target":"PatternRoot"},{"source":"QuantumBridge","relationshipType":"IMPLEMENTS","target":"ArchitecturalDomain"},{"source":"QuantumBridge","relationshipType":"IMPLEMENTS","target":"PatternRoot"},{"source":"BridgeComponent","relationshipType":"IMPLEMENTS","target":"PatternRoot"},{"source":"GeometricPattern","relationshipType":"IMPLEMENTS","target":"GeometricPattern"},{"source":"QuantumBridge","relationshipType":"IMPLEMENTS","target":"QuantumBridge"},{"source":"CorePattern","relationshipType":"IMPLEMENTS","target":"GeometricPattern"},{"source":"GeometricShape","relationshipType":"IMPLEMENTS","target":"ArchitecturalDomain"},{"source":"VectorMigration","relationshipType":"IMPLEMENTS","target":"ArchitecturalDomain"},{"source":"BridgeComponent","relationshipType":"IMPLEMENTS","target":"GeometricPattern"},{"source":"GeometricShape","relationshipType":"IMPLEMENTS","target":"PatternRoot"},{"source":"GeometricPattern","relationshipType":"IMPLEMENTS","target":"ArchitecturalDomain"},{"source":"VectorMigration","relationshipType":"IMPLEMENTS","target":"GeometricPattern"},{"source":"VectorMigration","relationshipType":"IMPLEMENTS","target":"QuantumBridge"},{"source":"GeometricPattern","relationshipType":"IMPLEMENTS","target":"PatternRoot"},{"source":"QuantumBridge","relationshipType":"IMPLEMENTS","target":"GeometricPattern"},{"source":"Framework","relationshipType":"IMPLEMENTS","target":"ArchitecturalDomain"},{"source":"PatternType","relationshipType":"IMPLEMENTS","target":"PatternRoot"},{"source":"GeometricPattern","relationshipType":"IMPLEMENTS","target":"QuantumBridge"},{"source":"VectorMigration","relationshipType":"IMPLEMENTS","target":"PatternRoot"},{"source":"PatternType","relationshipType":"IMPLEMENTS","target":"GeometricPattern"},{"source":"Framework","relationshipType":"IMPLEMENTS","target":"QuantumBridge"},{"source":"GeometricShape","relationshipType":"IMPLEMENTS","target":"GeometricPattern"},{"source":"GeometricShape","relationshipType":"IMPLEMENTS","target":"QuantumBridge"},{"source":"BridgeComponent","relationshipType":"IMPLEMENTS","target":"QuantumBridge"},{"source":"CorePattern","relationshipType":"IMPLEMENTS","target":"QuantumBridge"},{"source":"Framework","relationshipType":"IMPLEMENTS","target":"GeometricPattern"},{"source":"PatternType","relationshipType":"IMPLEMENTS","target":"ArchitecturalDomain"},{"source":"PatternType","relationshipType":"IMPLEMENTS","target":"QuantumBridge"},{"source":"VectorPipeline","relationshipType":"PROCESSES","target":"VectorCollection"},{"source":"Implementation","relationshipType":"INSTANCE_OF","target":"CorePattern"},{"source":"ConceptPattern","relationshipType":"INSTANCE_OF","target":"PatternType"},{"source":"Implementation","relationshipType":"INSTANCE_OF","target":"PatternType"},{"source":"ConceptPattern","relationshipType":"INSTANCE_OF","target":"CorePattern"},{"source":"FractalPattern","relationshipType":"CONTAINS","target":"FractalPattern"},{"source":"CorePattern","relationshipType":"INTEGRATES_WITH","target":"CorePattern"},{"source":"GeometricPattern","relationshipType":"INTEGRATES_WITH","target":"CorePattern"},{"source":"GeometricPattern","relationshipType":"INTEGRATES_WITH","target":"ArchitecturalDomain"},{"source":"CorePattern","relationshipType":"INTEGRATES_WITH","target":"ArchitecturalDomain"},{"source":"FractalNode","relationshipType":"QUANTUM_TUNNEL","target":"FractalNode"},{"source":"ConceptPattern","relationshipType":"RELATES_TO","target":"ConceptPattern"},{"source":"ConceptPattern","relationshipType":"RELATES_TO","target":"FractalPattern"},{"source":"FractalPattern","relationshipType":"RELATES_TO","target":"ConceptPattern"},{"source":"Topic","relationshipType":"RELATES_TO","target":"FractalPattern"},{"source":"ConceptPattern","relationshipType":"RELATES_TO","target":"Topic"},{"source":"Topic","relationshipType":"RELATES_TO","target":"ConceptPattern"},{"source":"FractalPattern","relationshipType":"RELATES_TO","target":"Topic"},{"source":"FractalPattern","relationshipType":"RELATES_TO","target":"FractalPattern"},{"source":"Topic","relationshipType":"RELATES_TO","target":"Topic"},{"source":"Context","relationshipType":"FOCUSES_ON","target":"Topic"},{"source":"MonitoringDashboard","relationshipType":"TRACKS","target":"VectorCollection"},{"source":"Framework","relationshipType":"CONNECTS_TO","target":"Framework"},{"source":"MonitoringDashboard","relationshipType":"MONITORS","target":"VectorMigration"},{"source":"BridgeComponent","relationshipType":"INTERACTS_WITH","target":"BridgeComponent"},{"source":"FractalCore","relationshipType":"RESONATES","target":"FractalNode"},{"source":"Insight","relationshipType":"DERIVED_FROM","target":"Topic"},{"source":"VectorMigration","relationshipType":"MANAGES","target":"VectorCollection"},{"source":"ServerComponent","relationshipType":"PROVIDES","target":"QuantumBridge"}],"indexes":[{"label":"Context","type":"native","propertyKeys":[{"key":"context_id","metadataProp":false},{"key":"focus","metadataProp":true},{"key":"timestamp","metadataProp":true},{"key":"topics","metadataProp":true},{"key":"state","metadataProp":true}]},{"label":null,"type":"native","propertyKeys":[]},{"label":"Insight","type":"native","propertyKeys":[{"key":"insight_id","metadataProp":false},{"key":"content","metadataProp":true},{"key":"timestamp","metadataProp":true},{"key":"confidence","metadataProp":true}]},{"label":"Node","type":"native","propertyKeys":[{"key":"id","metadataProp":false},{"key":"name","metadataProp":false},{"key":"last_accessed","metadataProp":true},{"key":"activation_threshold","metadataProp":true},{"key":"activation_count","metadataProp":true},{"key":"type","metadataProp":true},{"key":"priority_weight","metadataProp":true},{"key":"description","metadataProp":true},{"key":"metadata","metadataProp":true}]},{"label":"MetaPattern","type":"native","propertyKeys":[{"key":"type","metadataProp":false}]},{"label":"QuantumTunnel","type":"native","propertyKeys":[{"key":"coherence_level","metadataProp":false},{"key":"id","metadataProp":false}]},{"type":"full-text","state":"ONLINE","entityType":"NODE","tokenNames":["MetaPattern","QuantumTunnel","FractalNode","ConsciousnessWave"],"name":"quantum_pattern_search","propertyNames":["id","type","entanglement_pattern"],"provider":{"key":"fulltext","version":"1.0"},"propertyKeys":[]},{"label":"Topic","type":"native","propertyKeys":[{"key":"name","metadataProp":false},{"key":"last_accessed","metadataProp":true},{"key":"description","metadataProp":true},{"key":"confidence","metadataProp":true},{"key":"activation_count","metadataProp":true}]},{"label":"FractalNode","type":"native","isMetadataPropIndex":true,"propertyKeys":[{"key":"name","metadataProp":true},{"key":"level","metadataProp":true},{"key":"radius","metadataProp":true},{"key":"angle","metadataProp":true}]},{"label":"FractalCore","type":"native","isMetadataPropIndex":true,"propertyKeys":[{"key":"level","metadataProp":true},{"key":"radius","metadataProp":true},{"key":"name","metadataProp":true}]},{"label":"Product","type":"native","isMetadataPropIndex":true,"propertyKeys":[{"key":"unitsInStock","metadataProp":true},{"key":"productID","metadataProp":true},{"key":"unitPrice","metadataProp":true},{"key":"productName","metadataProp":true},{"key":"reorderLevel","metadataProp":true},{"key":"supplierID","metadataProp":true},{"key":"categoryID","metadataProp":true},{"key":"discontinued","metadataProp":true},{"key":"unitsOnOrder","metadataProp":true},{"key":"quantityPerUnit","metadataProp":true}]},{"label":"Category","type":"native","isMetadataPropIndex":true,"propertyKeys":[{"key":"categoryName","metadataProp":true},{"key":"description","metadataProp":true},{"key":"picture","metadataProp":true},{"key":"categoryID","metadataProp":true}]},{"label":"Supplier","type":"native","isMetadataPropIndex":true,"propertyKeys":[{"key":"address","metadataProp":true},{"key":"companyName","metadataProp":true},{"key":"supplierID","metadataProp":true},{"key":"contactName","metadataProp":true},{"key":"region","metadataProp":true},{"key":"country","metadataProp":true},{"key":"postalCode","metadataProp":true},{"key":"fax","metadataProp":true},{"key":"contactTitle","metadataProp":true},{"key":"homePage","metadataProp":true},{"key":"city","metadataProp":true},{"key":"phone","metadataProp":true}]},{"label":"ArchitecturalDomain","type":"native","isMetadataPropIndex":true,"propertyKeys":[{"key":"status","metadataProp":true},{"key":"name","metadataProp":true},{"key":"description","metadataProp":true},{"key":"timestamp","metadataProp":true}]},{"label":"Framework","type":"native","isMetadataPropIndex":true,"propertyKeys":[{"key":"activation_state","metadataProp":true},{"key":"metadata","metadataProp":true},{"key":"type","metadataProp":true},{"key":"name","metadataProp":true}]},{"label":"FractalPattern","type":"native","isMetadataPropIndex":true,"propertyKeys":[{"key":"pattern_id","metadataProp":true},{"key":"created_at","metadataProp":true},{"key":"metadata","metadataProp":true},{"key":"name","metadataProp":true},{"key":"scale_level","metadataProp":true}]},{"label":"PatternRoot","type":"native","isMetadataPropIndex":true,"propertyKeys":[{"key":"created_at","metadataProp":true},{"key":"name","metadataProp":true},{"key":"type","metadataProp":true},{"key":"scale_level","metadataProp":true},{"key":"metadata","metadataProp":true}]},{"label":"PatternType","type":"native","isMetadataPropIndex":true,"propertyKeys":[{"key":"name","metadataProp":true},{"key":"metadata","metadataProp":true},{"key":"scaling_factor","metadataProp":true},{"key":"type","metadataProp":true}]},{"label":"ConceptPattern","type":"native","isMetadataPropIndex":true,"propertyKeys":[{"key":"status","metadataProp":true},{"key":"pattern_type","metadataProp":true},{"key":"level","metadataProp":true},{"key":"name","metadataProp":true},{"key":"metadata","metadataProp":true}]},{"label":"GeometricPattern","type":"native","isMetadataPropIndex":true,"propertyKeys":[{"key":"created_at","metadataProp":true},{"key":"name","metadataProp":true},{"key":"metadata","metadataProp":true},{"key":"type","metadataProp":true},{"key":"dimension","metadataProp":true}]},{"label":"GeometricShape","type":"native","isMetadataPropIndex":true,"propertyKeys":[{"key":"name","metadataProp":true},{"key":"type","metadataProp":true},{"key":"vertices","metadataProp":true},{"key":"metadata","metadataProp":true}]},{"label":"CorePattern","type":"native","isMetadataPropIndex":true,"propertyKeys":[{"key":"name","metadataProp":true},{"key":"metadata","metadataProp":true},{"key":"type","metadataProp":true},{"key":"pattern_class","metadataProp":true}]},{"label":"Implementation","type":"native","isMetadataPropIndex":true,"propertyKeys":[{"key":"name","metadataProp":true},{"key":"metadata","metadataProp":true},{"key":"type","metadataProp":true},{"key":"status","metadataProp":true}]},{"label":"QuantumBridge","type":"native","isMetadataPropIndex":true,"propertyKeys":[{"key":"status","metadataProp":true},{"key":"name","metadataProp":true},{"key":"type","metadataProp":true},{"key":"metadata","metadataProp":true}]},{"label":"BridgeComponent","type":"native","isMetadataPropIndex":true,"propertyKeys":[{"key":"name","metadataProp":true},{"key":"type","metadataProp":true},{"key":"metadata","metadataProp":true}]},{"label":"ServerComponent","type":"native","isMetadataPropIndex":true,"propertyKeys":[{"key":"metadata","metadataProp":true},{"key":"type","metadataProp":true},{"key":"name","metadataProp":true}]},{"label":"VectorMigration","type":"native","isMetadataPropIndex":true,"propertyKeys":[{"key":"name","metadataProp":true},{"key":"metadata","metadataProp":true},{"key":"type","metadataProp":true},{"key":"status","metadataProp":true}]},{"label":"MonitoringDashboard","type":"native","isMetadataPropIndex":true,"propertyKeys":[{"key":"metadata","metadataProp":true},{"key":"type","metadataProp":true},{"key":"name","metadataProp":true}]},{"label":"VectorCollection","type":"native","isMetadataPropIndex":true,"propertyKeys":[{"key":"name","metadataProp":true},{"key":"type","metadataProp":true},{"key":"metadata","metadataProp":true}]},{"label":"VectorPipeline","type":"native","isMetadataPropIndex":true,"propertyKeys":[{"key":"name","metadataProp":true},{"key":"type","metadataProp":true},{"key":"metadata","metadataProp":true}]}],"stats":{"labels":{},"relationshipTypes":{"CONNECTS":0,"CONNECTS_TO":0,"CONTAINS":59,"DERIVED_FROM":0,"ENHANCES":0,"EXTENDS":0,"FOCUSES_ON":0,"FRACTAL_BRANCH":0,"HAS_SUBPATTERN":0,"IMPLEMENTS":0,"INSTANCE_OF":0,"INTEGRATES_WITH":0,"INTERACTS_WITH":0,"MANAGES":0,"MONITORS":0,"PROCESSES":0,"PROVIDES":0,"QUANTUM_TUNNEL":0,"RELATES_TO":0,"RESONATES":0,"SPECIALIZES":0,"TRACKS":0,"TRANSFORMS_TO":0}}},"version":"2.11.0"}