{"name":"Untitled Perspective 1","id":"f5b67e70-b654-11ee-8ebf-a7039be8702e","categories":[],"labels":{},"relationshipTypes":[],"palette":{"colors":["#FFE081","#C990C0","#F79767","#57C7E3","#F16667","#D9C8AE","#8DCC93","#ECB5C9","#4C8EDA","#FFC454","#DA7194","#569480","#848484","#D9D9D9"],"currentIndex":0},"createdAt":1705618651095,"lastEditedAt":1705618651095,"templates":[{"name":"Search phrase that returns a sample of your data","id":"tmpl:1705618651429","createdAt":1705618651429,"text":"Show me a graph","cypher":"MATCH (n) OPTIONAL MATCH p=(n)--() RETURN p, n LIMIT 100","isUpdateQuery":null,"params":[]}],"sceneActions":[],"hiddenRelationshipTypes":[],"hiddenCategories":[],"hideUncategorisedData":false,"isAuto":true,"parentPerspectiveId":false,"metadata":{"pathSegments":[],"indexes":[],"stats":{"labels":{},"relationshipTypes":{}}},"version":"2.11.0"}