"~start_node_id","~start_node_labels","~start_node_property_environment","~start_node_property_name","~start_node_property_created_at","~start_node_property_status","~relationship_type","~end_node_id","~end_node_labels","~end_node_property_name","~end_node_property_priority","~end_node_property_status","~start_node_property_role","~start_node_property_memory","~start_node_property_gpu","~end_node_property_environment","~end_node_property_created_at","~end_node_property_completed_at","~end_node_property_started_at","~start_node_property_completed_at","~start_node_property_started_at","~start_node_property_priority","~end_node_property_purpose","~end_node_property_type","~start_node_property_path","~start_node_property_level","~start_node_property_pattern","~start_node_property_type","~relationship_property_distance","~end_node_property_level","~end_node_property_pattern","~start_node_property_purpose","~start_node_property_description","~end_node_property_path","~end_node_property_content","~start_node_property_pattern_type","~end_node_property_query","~end_node_property_metric_type","~start_node_property_file_path","~start_node_property_latest_version","~end_node_property_paths","~end_node_property_release","~end_node_property_base_url","~end_node_property_version","~end_node_property_root_path","~start_node_property_paths","~start_node_property_release","~start_node_property_base_url","~start_node_property_version","~end_node_property_functionalities","~end_node_property_transformations","~start_node_property_functionalities","~start_node_property_transformations","~start_node_property_content","~end_node_property_selectors","~end_node_property_scraper_path","~end_node_property_base","~start_node_property_version_pattern","~start_node_property_build_command","~start_node_property_source_url","~end_node_property_description","~start_node_property_doc_url","~end_node_property_url","~start_node_property_url","~end_node_property_includes","~start_node_property_includes","~end_node_property_signature","~end_node_property_example","~start_node_property_portal_id","~start_node_property_portal_type","~start_node_property_activation_state","~relationship_property_strength","~end_node_property_neural_harmonics","~end_node_property_pattern_essence","~end_node_property_weave_id","~relationship_property_coherence","~end_node_property_entanglement_pattern","~end_node_property_dimension_depth","~end_node_property_bridge_id","~end_node_property_coherence_level","~relationship_property_efficiency","~end_node_property_mesh_id","~end_node_property_pattern_synthesis","~end_node_property_learning_rate","~end_node_property_substrate","~relationship_property_stability","~end_node_property_evolution_tracking","~end_node_property_nexus_id","~end_node_property_state_persistence","~end_node_property_causality","~start_node_property_neural_harmonics","~start_node_property_pattern_essence","~start_node_property_weave_id","~relationship_property_resonance","~start_node_property_entanglement_pattern","~start_node_property_dimension_depth","~start_node_property_bridge_id","~start_node_property_coherence_level","~relationship_property_phase","~start_node_property_mesh_id","~start_node_property_pattern_synthesis","~start_node_property_learning_rate","~start_node_property_substrate","~relationship_property_path","~start_node_property_evolution_tracking","~start_node_property_nexus_id","~start_node_property_state_persistence","~start_node_property_causality","~relationship_property_field","~relationship_property_weight","~end_node_property_capability","~end_node_property_depth","~end_node_property_state","~end_node_property_threshold","~end_node_property_dimensions","~start_node_property_capability","~start_node_property_depth","~start_node_property_state","~relationship_property_degree","~start_node_property_threshold","~start_node_property_dimensions","~start_node_property_implementation_details","~end_node_property_optimization_techniques","~start_node_property_key_patterns","~end_node_property_implementation_details","~start_node_property_optimization_strategies","~start_node_property_solver_implementations","~end_node_property_optimization_strategies","~end_node_property_context","~end_node_property_symbol","~start_node_property_context"
"2","Project","Windows Home, 12GB 3060 GPU, 64GB RAM","Dual-Agent Development Framework","2024-12-22T21:12:46.332000000Z","ACTIVE","CONTAINS","12","Task","Initialization","HIGH","PENDING",,,,,,,,,,,,,,,,,,,,,,,,,,,,,,,,,,,,,,,,,,,,,,,,,,,,,,,,,,,,,,,,,,,,,,,,,,,,,,,,,,,,,,,,,,,,,,,,,,,,,,,,,,,,,,,,,,,,,,,
"2","Project","Windows Home, 12GB 3060 GPU, 64GB RAM","Dual-Agent Development Framework","2024-12-22T21:12:46.332000000Z","ACTIVE","CONTAINS","13","Task","Requirements & Planning","HIGH","PENDING",,,,,,,,,,,,,,,,,,,,,,,,,,,,,,,,,,,,,,,,,,,,,,,,,,,,,,,,,,,,,,,,,,,,,,,,,,,,,,,,,,,,,,,,,,,,,,,,,,,,,,,,,,,,,,,,,,,,,,,
"5","Agent",,"Agent_A",,"active","LEADS","7","Project","Code Generation",,"in_progress","Project Lead","64GB","3060 12GB","Windows Home","2024-12-22T19:15:43.901000000Z",,,,,,,,,,,,,,,,,,,,,,,,,,,,,,,,,,,,,,,,,,,,,,,,,,,,,,,,,,,,,,,,,,,,,,,,,,,,,,,,,,,,,,,,,,,,,,,,,,,,,,,,,,,,,,,,,,
"6","Agent",,"Agent_B",,"standby","SUPPORTS","7","Project","Code Generation",,"in_progress","Support",,,"Windows Home","2024-12-22T19:15:43.901000000Z",,,,,,,,,,,,,,,,,,,,,,,,,,,,,,,,,,,,,,,,,,,,,,,,,,,,,,,,,,,,,,,,,,,,,,,,,,,,,,,,,,,,,,,,,,,,,,,,,,,,,,,,,,,,,,,,,,
"7","Project","Windows Home","Code Generation","2024-12-22T19:15:43.901000000Z","in_progress","CONTAINS","8","Task","Implement Feature","high","complete",,,,,,"2024-12-22T19:15:54.647000000Z","2024-12-22T19:15:43.901000000Z",,,,,,,,,,,,,,,,,,,,,,,,,,,,,,,,,,,,,,,,,,,,,,,,,,,,,,,,,,,,,,,,,,,,,,,,,,,,,,,,,,,,,,,,,,,,,,,,,,,,,,,,,,,,,,,,
"5","Agent",,"Agent_A",,"active","ASSIGNED_TO","8","Task","Implement Feature","high","complete","Project Lead","64GB","3060 12GB",,,"2024-12-22T19:15:54.647000000Z","2024-12-22T19:15:43.901000000Z",,,,,,,,,,,,,,,,,,,,,,,,,,,,,,,,,,,,,,,,,,,,,,,,,,,,,,,,,,,,,,,,,,,,,,,,,,,,,,,,,,,,,,,,,,,,,,,,,,,,,,,,,,,,,,,,
"8","Task",,"Implement Feature",,"complete","USES","9","Tool","o1-preview",,,,,,,,,,"2024-12-22T19:15:54.647000000Z","2024-12-22T19:15:43.901000000Z","high","synergistic thinking","AI Model",,,,,,,,,,,,,,,,,,,,,,,,,,,,,,,,,,,,,,,,,,,,,,,,,,,,,,,,,,,,,,,,,,,,,,,,,,,,,,,,,,,,,,,,,,,,,,,,,,,,,,,,,,,
"8","Task",,"Implement Feature",,"complete","USES","10","Tool","o1-mini",,,,,,,,,,"2024-12-22T19:15:54.647000000Z","2024-12-22T19:15:43.901000000Z","high","code generation","AI Model",,,,,,,,,,,,,,,,,,,,,,,,,,,,,,,,,,,,,,,,,,,,,,,,,,,,,,,,,,,,,,,,,,,,,,,,,,,,,,,,,,,,,,,,,,,,,,,,,,,,,,,,,,,
"8","Task",,"Implement Feature",,"complete","PRODUCES","11","Artifact","Generated Code",,"ready_for_review",,,,,,"2024-12-22T19:15:54.647000000Z",,"2024-12-22T19:15:54.647000000Z","2024-12-22T19:15:43.901000000Z","high",,"source_code",,,,,,,,,,,,,,,,,,,,,,,,,,,,,,,,,,,,,,,,,,,,,,,,,,,,,,,,,,,,,,,,,,,,,,,,,,,,,,,,,,,,,,,,,,,,,,,,,,,,,,,,,,,
"6","Agent",,"Agent_B",,"standby","REVIEWS","11","Artifact","Generated Code",,"ready_for_review","Support",,,,,"2024-12-22T19:15:54.647000000Z",,,,,,"source_code",,,,,,,,,,,,,,,,,,,,,,,,,,,,,,,,,,,,,,,,,,,,,,,,,,,,,,,,,,,,,,,,,,,,,,,,,,,,,,,,,,,,,,,,,,,,,,,,,,,,,,,,,,,
"2","Project","Windows Home, 12GB 3060 GPU, 64GB RAM","Dual-Agent Development Framework","2024-12-22T21:12:46.332000000Z","ACTIVE","CONTAINS","14","Task","Architecture & Design","HIGH","PENDING",,,,,,,,,,,,,,,,,,,,,,,,,,,,,,,,,,,,,,,,,,,,,,,,,,,,,,,,,,,,,,,,,,,,,,,,,,,,,,,,,,,,,,,,,,,,,,,,,,,,,,,,,,,,,,,,,,,,,,,
"2","Project","Windows Home, 12GB 3060 GPU, 64GB RAM","Dual-Agent Development Framework","2024-12-22T21:12:46.332000000Z","ACTIVE","CONTAINS","15","Task","Implementation Strategy","HIGH","PENDING",,,,,,,,,,,,,,,,,,,,,,,,,,,,,,,,,,,,,,,,,,,,,,,,,,,,,,,,,,,,,,,,,,,,,,,,,,,,,,,,,,,,,,,,,,,,,,,,,,,,,,,,,,,,,,,,,,,,,,,
"2","Project","Windows Home, 12GB 3060 GPU, 64GB RAM","Dual-Agent Development Framework","2024-12-22T21:12:46.332000000Z","ACTIVE","CONTAINS","16","Task","Coding & Development","HIGH","PENDING",,,,,,,,,,,,,,,,,,,,,,,,,,,,,,,,,,,,,,,,,,,,,,,,,,,,,,,,,,,,,,,,,,,,,,,,,,,,,,,,,,,,,,,,,,,,,,,,,,,,,,,,,,,,,,,,,,,,,,,
"2","Project","Windows Home, 12GB 3060 GPU, 64GB RAM","Dual-Agent Development Framework","2024-12-22T21:12:46.332000000Z","ACTIVE","CONTAINS","17","Task","Testing & QA","HIGH","PENDING",,,,,,,,,,,,,,,,,,,,,,,,,,,,,,,,,,,,,,,,,,,,,,,,,,,,,,,,,,,,,,,,,,,,,,,,,,,,,,,,,,,,,,,,,,,,,,,,,,,,,,,,,,,,,,,,,,,,,,,
"2","Project","Windows Home, 12GB 3060 GPU, 64GB RAM","Dual-Agent Development Framework","2024-12-22T21:12:46.332000000Z","ACTIVE","CONTAINS","18","Task","Deployment & Release","HIGH","PENDING",,,,,,,,,,,,,,,,,,,,,,,,,,,,,,,,,,,,,,,,,,,,,,,,,,,,,,,,,,,,,,,,,,,,,,,,,,,,,,,,,,,,,,,,,,,,,,,,,,,,,,,,,,,,,,,,,,,,,,,
"2","Project","Windows Home, 12GB 3060 GPU, 64GB RAM","Dual-Agent Development Framework","2024-12-22T21:12:46.332000000Z","ACTIVE","CONTAINS","19","Task","Maintenance & Iteration","HIGH","PENDING",,,,,,,,,,,,,,,,,,,,,,,,,,,,,,,,,,,,,,,,,,,,,,,,,,,,,,,,,,,,,,,,,,,,,,,,,,,,,,,,,,,,,,,,,,,,,,,,,,,,,,,,,,,,,,,,,,,,,,,
"3","Agent",,"Agent A",,"ACTIVE","LEADS","2","Project","Dual-Agent Development Framework",,"ACTIVE","PRIMARY","32GB","6GB","Windows Home, 12GB 3060 GPU, 64GB RAM","2024-12-22T21:12:46.332000000Z",,,,,,,,,,,,,,,,,,,,,,,,,,,,,,,,,,,,,,,,,,,,,,,,,,,,,,,,,,,,,,,,,,,,,,,,,,,,,,,,,,,,,,,,,,,,,,,,,,,,,,,,,,,,,,,,,,
"4","Agent",,"Agent B",,"ACTIVE","SUPPORTS","2","Project","Dual-Agent Development Framework",,"ACTIVE","SECONDARY","32GB","6GB","Windows Home, 12GB 3060 GPU, 64GB RAM","2024-12-22T21:12:46.332000000Z",,,,,,,,,,,,,,,,,,,,,,,,,,,,,,,,,,,,,,,,,,,,,,,,,,,,,,,,,,,,,,,,,,,,,,,,,,,,,,,,,,,,,,,,,,,,,,,,,,,,,,,,,,,,,,,,,,
"3","Agent",,"Agent A",,"ACTIVE","ASSIGNED_TO","12","Task","Initialization","HIGH","PENDING","PRIMARY","32GB","6GB",,,,,,,,,,,,,,,,,,,,,,,,,,,,,,,,,,,,,,,,,,,,,,,,,,,,,,,,,,,,,,,,,,,,,,,,,,,,,,,,,,,,,,,,,,,,,,,,,,,,,,,,,,,,,,,,,,,,
"12","Task",,"Initialization",,"PENDING","USES","9","Tool","o1-preview",,,,,,,,,,,,"HIGH","synergistic thinking","AI Model",,,,,,,,,,,,,,,,,,,,,,,,,,,,,,,,,,,,,,,,,,,,,,,,,,,,,,,,,,,,,,,,,,,,,,,,,,,,,,,,,,,,,,,,,,,,,,,,,,,,,,,,,,,
"3","Agent",,"Agent A",,"ACTIVE","ASSIGNED_TO","12","Task","Initialization","HIGH","PENDING","PRIMARY","32GB","6GB",,,,,,,,,,,,,,,,,,,,,,,,,,,,,,,,,,,,,,,,,,,,,,,,,,,,,,,,,,,,,,,,,,,,,,,,,,,,,,,,,,,,,,,,,,,,,,,,,,,,,,,,,,,,,,,,,,,,
"12","Task",,"Initialization",,"PENDING","USES","9","Tool","o1-preview",,,,,,,,,,,,"HIGH","synergistic thinking","AI Model",,,,,,,,,,,,,,,,,,,,,,,,,,,,,,,,,,,,,,,,,,,,,,,,,,,,,,,,,,,,,,,,,,,,,,,,,,,,,,,,,,,,,,,,,,,,,,,,,,,,,,,,,,,
"3","Agent",,"Agent A",,"ACTIVE","ASSIGNED_TO","12","Task","Initialization","HIGH","PENDING","PRIMARY","32GB","6GB",,,,,,,,,,,,,,,,,,,,,,,,,,,,,,,,,,,,,,,,,,,,,,,,,,,,,,,,,,,,,,,,,,,,,,,,,,,,,,,,,,,,,,,,,,,,,,,,,,,,,,,,,,,,,,,,,,,,
"12","Task",,"Initialization",,"PENDING","USES","22","Tool","o1-preview",,,,,,,,,,,,"HIGH","Synergistic Thinking","AI_MODEL",,,,,,,,,,,,,,,,,,,,,,,,,,,,,,,,,,,,,,,,,,,,,,,,,,,,,,,,,,,,,,,,,,,,,,,,,,,,,,,,,,,,,,,,,,,,,,,,,,,,,,,,,,,
"3","Agent",,"Agent A",,"ACTIVE","ASSIGNED_TO","12","Task","Initialization","HIGH","PENDING","PRIMARY","32GB","6GB",,,,,,,,,,,,,,,,,,,,,,,,,,,,,,,,,,,,,,,,,,,,,,,,,,,,,,,,,,,,,,,,,,,,,,,,,,,,,,,,,,,,,,,,,,,,,,,,,,,,,,,,,,,,,,,,,,,,
"12","Task",,"Initialization",,"PENDING","USES","22","Tool","o1-preview",,,,,,,,,,,,"HIGH","Synergistic Thinking","AI_MODEL",,,,,,,,,,,,,,,,,,,,,,,,,,,,,,,,,,,,,,,,,,,,,,,,,,,,,,,,,,,,,,,,,,,,,,,,,,,,,,,,,,,,,,,,,,,,,,,,,,,,,,,,,,,
"3","Agent",,"Agent A",,"ACTIVE","ASSIGNED_TO","13","Task","Requirements & Planning","HIGH","PENDING","PRIMARY","32GB","6GB",,,,,,,,,,,,,,,,,,,,,,,,,,,,,,,,,,,,,,,,,,,,,,,,,,,,,,,,,,,,,,,,,,,,,,,,,,,,,,,,,,,,,,,,,,,,,,,,,,,,,,,,,,,,,,,,,,,,
"13","Task",,"Requirements & Planning",,"PENDING","USES","9","Tool","o1-preview",,,,,,,,,,,,"HIGH","synergistic thinking","AI Model",,,,,,,,,,,,,,,,,,,,,,,,,,,,,,,,,,,,,,,,,,,,,,,,,,,,,,,,,,,,,,,,,,,,,,,,,,,,,,,,,,,,,,,,,,,,,,,,,,,,,,,,,,,
"3","Agent",,"Agent A",,"ACTIVE","ASSIGNED_TO","13","Task","Requirements & Planning","HIGH","PENDING","PRIMARY","32GB","6GB",,,,,,,,,,,,,,,,,,,,,,,,,,,,,,,,,,,,,,,,,,,,,,,,,,,,,,,,,,,,,,,,,,,,,,,,,,,,,,,,,,,,,,,,,,,,,,,,,,,,,,,,,,,,,,,,,,,,
"13","Task",,"Requirements & Planning",,"PENDING","USES","9","Tool","o1-preview",,,,,,,,,,,,"HIGH","synergistic thinking","AI Model",,,,,,,,,,,,,,,,,,,,,,,,,,,,,,,,,,,,,,,,,,,,,,,,,,,,,,,,,,,,,,,,,,,,,,,,,,,,,,,,,,,,,,,,,,,,,,,,,,,,,,,,,,,
"3","Agent",,"Agent A",,"ACTIVE","ASSIGNED_TO","13","Task","Requirements & Planning","HIGH","PENDING","PRIMARY","32GB","6GB",,,,,,,,,,,,,,,,,,,,,,,,,,,,,,,,,,,,,,,,,,,,,,,,,,,,,,,,,,,,,,,,,,,,,,,,,,,,,,,,,,,,,,,,,,,,,,,,,,,,,,,,,,,,,,,,,,,,
"13","Task",,"Requirements & Planning",,"PENDING","USES","22","Tool","o1-preview",,,,,,,,,,,,"HIGH","Synergistic Thinking","AI_MODEL",,,,,,,,,,,,,,,,,,,,,,,,,,,,,,,,,,,,,,,,,,,,,,,,,,,,,,,,,,,,,,,,,,,,,,,,,,,,,,,,,,,,,,,,,,,,,,,,,,,,,,,,,,,
"3","Agent",,"Agent A",,"ACTIVE","ASSIGNED_TO","13","Task","Requirements & Planning","HIGH","PENDING","PRIMARY","32GB","6GB",,,,,,,,,,,,,,,,,,,,,,,,,,,,,,,,,,,,,,,,,,,,,,,,,,,,,,,,,,,,,,,,,,,,,,,,,,,,,,,,,,,,,,,,,,,,,,,,,,,,,,,,,,,,,,,,,,,,
"13","Task",,"Requirements & Planning",,"PENDING","USES","22","Tool","o1-preview",,,,,,,,,,,,"HIGH","Synergistic Thinking","AI_MODEL",,,,,,,,,,,,,,,,,,,,,,,,,,,,,,,,,,,,,,,,,,,,,,,,,,,,,,,,,,,,,,,,,,,,,,,,,,,,,,,,,,,,,,,,,,,,,,,,,,,,,,,,,,,
"3","Agent",,"Agent A",,"ACTIVE","ASSIGNED_TO","14","Task","Architecture & Design","HIGH","PENDING","PRIMARY","32GB","6GB",,,,,,,,,,,,,,,,,,,,,,,,,,,,,,,,,,,,,,,,,,,,,,,,,,,,,,,,,,,,,,,,,,,,,,,,,,,,,,,,,,,,,,,,,,,,,,,,,,,,,,,,,,,,,,,,,,,,
"14","Task",,"Architecture & Design",,"PENDING","USES","9","Tool","o1-preview",,,,,,,,,,,,"HIGH","synergistic thinking","AI Model",,,,,,,,,,,,,,,,,,,,,,,,,,,,,,,,,,,,,,,,,,,,,,,,,,,,,,,,,,,,,,,,,,,,,,,,,,,,,,,,,,,,,,,,,,,,,,,,,,,,,,,,,,,
"3","Agent",,"Agent A",,"ACTIVE","ASSIGNED_TO","14","Task","Architecture & Design","HIGH","PENDING","PRIMARY","32GB","6GB",,,,,,,,,,,,,,,,,,,,,,,,,,,,,,,,,,,,,,,,,,,,,,,,,,,,,,,,,,,,,,,,,,,,,,,,,,,,,,,,,,,,,,,,,,,,,,,,,,,,,,,,,,,,,,,,,,,,
"14","Task",,"Architecture & Design",,"PENDING","USES","9","Tool","o1-preview",,,,,,,,,,,,"HIGH","synergistic thinking","AI Model",,,,,,,,,,,,,,,,,,,,,,,,,,,,,,,,,,,,,,,,,,,,,,,,,,,,,,,,,,,,,,,,,,,,,,,,,,,,,,,,,,,,,,,,,,,,,,,,,,,,,,,,,,,
"3","Agent",,"Agent A",,"ACTIVE","ASSIGNED_TO","14","Task","Architecture & Design","HIGH","PENDING","PRIMARY","32GB","6GB",,,,,,,,,,,,,,,,,,,,,,,,,,,,,,,,,,,,,,,,,,,,,,,,,,,,,,,,,,,,,,,,,,,,,,,,,,,,,,,,,,,,,,,,,,,,,,,,,,,,,,,,,,,,,,,,,,,,
"14","Task",,"Architecture & Design",,"PENDING","USES","22","Tool","o1-preview",,,,,,,,,,,,"HIGH","Synergistic Thinking","AI_MODEL",,,,,,,,,,,,,,,,,,,,,,,,,,,,,,,,,,,,,,,,,,,,,,,,,,,,,,,,,,,,,,,,,,,,,,,,,,,,,,,,,,,,,,,,,,,,,,,,,,,,,,,,,,,
"3","Agent",,"Agent A",,"ACTIVE","ASSIGNED_TO","14","Task","Architecture & Design","HIGH","PENDING","PRIMARY","32GB","6GB",,,,,,,,,,,,,,,,,,,,,,,,,,,,,,,,,,,,,,,,,,,,,,,,,,,,,,,,,,,,,,,,,,,,,,,,,,,,,,,,,,,,,,,,,,,,,,,,,,,,,,,,,,,,,,,,,,,,
"14","Task",,"Architecture & Design",,"PENDING","USES","22","Tool","o1-preview",,,,,,,,,,,,"HIGH","Synergistic Thinking","AI_MODEL",,,,,,,,,,,,,,,,,,,,,,,,,,,,,,,,,,,,,,,,,,,,,,,,,,,,,,,,,,,,,,,,,,,,,,,,,,,,,,,,,,,,,,,,,,,,,,,,,,,,,,,,,,,
"2","Project","Windows Home, 12GB 3060 GPU, 64GB RAM","Dual-Agent Development Framework","2024-12-22T21:12:46.332000000Z","ACTIVE","CONTAINS","37","Task","Deep Stack Analysis","HIGH","PENDING",,,,,,,,,,,,,,,,,,,,,,,,,,,,,,,,,,,,,,,,,,,,,,,,,,,,,,,,,,,,,,,,,,,,,,,,,,,,,,,,,,,,,,,,,,,,,,,,,,,,,,,,,,,,,,,,,,,,,,,
"37","Task",,"Deep Stack Analysis",,"PENDING","PRODUCES","41","Artifact","Deep Stack Analysis Report",,"PENDING",,,,,,,,,,"HIGH",,"ANALYSIS_REPORT",,,,,,,,,,,,,,,,,,,,,,,,,,,,,,,,,,,,,,,,,,,,,,,,,,,,,,,,,,,,,,,,,,,,,,,,,,,,,,,,,,,,,,,,,,,,,,,,,,,,,,,,,,,
"2","Project","Windows Home, 12GB 3060 GPU, 64GB RAM","Dual-Agent Development Framework","2024-12-22T21:12:46.332000000Z","ACTIVE","CONTAINS","38","Task","Dependency Analysis","HIGH","PENDING",,,,,,,,,,,,,,,,,,,,,,,,,,,,,,,,,,,,,,,,,,,,,,,,,,,,,,,,,,,,,,,,,,,,,,,,,,,,,,,,,,,,,,,,,,,,,,,,,,,,,,,,,,,,,,,,,,,,,,,
"38","Task",,"Dependency Analysis",,"PENDING","PRODUCES","42","Artifact","Dependency Analysis Report",,"PENDING",,,,,,,,,,"HIGH",,"ANALYSIS_REPORT",,,,,,,,,,,,,,,,,,,,,,,,,,,,,,,,,,,,,,,,,,,,,,,,,,,,,,,,,,,,,,,,,,,,,,,,,,,,,,,,,,,,,,,,,,,,,,,,,,,,,,,,,,,
"2","Project","Windows Home, 12GB 3060 GPU, 64GB RAM","Dual-Agent Development Framework","2024-12-22T21:12:46.332000000Z","ACTIVE","CONTAINS","39","Task","Memory Analysis","HIGH","PENDING",,,,,,,,,,,,,,,,,,,,,,,,,,,,,,,,,,,,,,,,,,,,,,,,,,,,,,,,,,,,,,,,,,,,,,,,,,,,,,,,,,,,,,,,,,,,,,,,,,,,,,,,,,,,,,,,,,,,,,,
"39","Task",,"Memory Analysis",,"PENDING","PRODUCES","43","Artifact","Memory Analysis Report",,"PENDING",,,,,,,,,,"HIGH",,"ANALYSIS_REPORT",,,,,,,,,,,,,,,,,,,,,,,,,,,,,,,,,,,,,,,,,,,,,,,,,,,,,,,,,,,,,,,,,,,,,,,,,,,,,,,,,,,,,,,,,,,,,,,,,,,,,,,,,,,
"2","Project","Windows Home, 12GB 3060 GPU, 64GB RAM","Dual-Agent Development Framework","2024-12-22T21:12:46.332000000Z","ACTIVE","CONTAINS","40","Task","Code Quality Check","HIGH","PENDING",,,,,,,,,,,,,,,,,,,,,,,,,,,,,,,,,,,,,,,,,,,,,,,,,,,,,,,,,,,,,,,,,,,,,,,,,,,,,,,,,,,,,,,,,,,,,,,,,,,,,,,,,,,,,,,,,,,,,,,
"40","Task",,"Code Quality Check",,"PENDING","PRODUCES","44","Artifact","Code Quality Check Report",,"PENDING",,,,,,,,,,"HIGH",,"ANALYSIS_REPORT",,,,,,,,,,,,,,,,,,,,,,,,,,,,,,,,,,,,,,,,,,,,,,,,,,,,,,,,,,,,,,,,,,,,,,,,,,,,,,,,,,,,,,,,,,,,,,,,,,,,,,,,,,,
"48","FractalNode",,"Nexus-Prime",,,"CONTAINS","49","FractalNode","Code Structure",,,,,,,,,,,,,,"PATTERN","F:/ai_workspace/Nexus-Prime/nexus-system-development/ALL Code Repos- DevDocs",0,"ROOT","ROOT",1,1,"TRIANGULAR",,,,,,,,,,,,,,,,,,,,,,,,,,,,,,,,,,,,,,,,,,,,,,,,,,,,,,,,,,,,,,,,,,,,,,,,,,,,,,,,,,,,,,,,,,,,,,,,,,,,
"48","FractalNode",,"Nexus-Prime",,,"CONTAINS","50","FractalNode","Documentation",,,,,,,,,,,,,,"PATTERN","F:/ai_workspace/Nexus-Prime/nexus-system-development/ALL Code Repos- DevDocs",0,"ROOT","ROOT",1,1,"CIRCULAR",,,,,,,,,,,,,,,,,,,,,,,,,,,,,,,,,,,,,,,,,,,,,,,,,,,,,,,,,,,,,,,,,,,,,,,,,,,,,,,,,,,,,,,,,,,,,,,,,,,,
"48","FractalNode",,"Nexus-Prime",,,"CONTAINS","51","FractalNode","Configuration",,,,,,,,,,,,,,"PATTERN","F:/ai_workspace/Nexus-Prime/nexus-system-development/ALL Code Repos- DevDocs",0,"ROOT","ROOT",1,1,"HEXAGONAL",,,,,,,,,,,,,,,,,,,,,,,,,,,,,,,,,,,,,,,,,,,,,,,,,,,,,,,,,,,,,,,,,,,,,,,,,,,,,,,,,,,,,,,,,,,,,,,,,,,,
"48","FractalNode",,"Nexus-Prime",,,"CONTAINS","52","FractalNode","Testing",,,,,,,,,,,,,,"PATTERN","F:/ai_workspace/Nexus-Prime/nexus-system-development/ALL Code Repos- DevDocs",0,"ROOT","ROOT",1,1,"SQUARE",,,,,,,,,,,,,,,,,,,,,,,,,,,,,,,,,,,,,,,,,,,,,,,,,,,,,,,,,,,,,,,,,,,,,,,,,,,,,,,,,,,,,,,,,,,,,,,,,,,,
"49","FractalNode",,"Code Structure",,,"CONTAINS","53","FractalNode","assets",,,,,,,,,,,,,,"DIRECTORY",,1,"TRIANGULAR","PATTERN",0.5,2,"TRIANGULAR",,,,,,,,,,,,,,,,,,,,,,,,,,,,,,,,,,,,,,,,,,,,,,,,,,,,,,,,,,,,,,,,,,,,,,,,,,,,,,,,,,,,,,,,,,,,,,,,,,,,
"49","FractalNode",,"Code Structure",,,"CONTAINS","54","FractalNode","lib",,,,,,,,,,,,,,"DIRECTORY",,1,"TRIANGULAR","PATTERN",0.5,2,"TRIANGULAR",,,,,,,,,,,,,,,,,,,,,,,,,,,,,,,,,,,,,,,,,,,,,,,,,,,,,,,,,,,,,,,,,,,,,,,,,,,,,,,,,,,,,,,,,,,,,,,,,,,,
"49","FractalNode",,"Code Structure",,,"CONTAINS","57","FractalNode","views",,,,,,,,,,,,,,"DIRECTORY",,1,"TRIANGULAR","PATTERN",0.5,2,"TRIANGULAR",,,,,,,,,,,,,,,,,,,,,,,,,,,,,,,,,,,,,,,,,,,,,,,,,,,,,,,,,,,,,,,,,,,,,,,,,,,,,,,,,,,,,,,,,,,,,,,,,,,,
"50","FractalNode",,"Documentation",,,"CONTAINS","55","FractalNode","docs",,,,,,,,,,,,,,"DIRECTORY",,1,"CIRCULAR","PATTERN",0.5,2,"CIRCULAR",,,,,,,,,,,,,,,,,,,,,,,,,,,,,,,,,,,,,,,,,,,,,,,,,,,,,,,,,,,,,,,,,,,,,,,,,,,,,,,,,,,,,,,,,,,,,,,,,,,,
"51","FractalNode",,"Configuration",,,"CONTAINS","56","FractalNode","public",,,,,,,,,,,,,,"DIRECTORY",,1,"HEXAGONAL","PATTERN",0.5,2,"HEXAGONAL",,,,,,,,,,,,,,,,,,,,,,,,,,,,,,,,,,,,,,,,,,,,,,,,,,,,,,,,,,,,,,,,,,,,,,,,,,,,,,,,,,,,,,,,,,,,,,,,,,,,
"51","FractalNode",,"Configuration",,,"CONTAINS","59","FractalNode","Dockerfile",,,,,,,,,,,,,,"CONFIG",,1,"HEXAGONAL","PATTERN",0.5,2,"HEXAGONAL",,,,,,,,,,,,,,,,,,,,,,,,,,,,,,,,,,,,,,,,,,,,,,,,,,,,,,,,,,,,,,,,,,,,,,,,,,,,,,,,,,,,,,,,,,,,,,,,,,,,
"51","FractalNode",,"Configuration",,,"CONTAINS","60","FractalNode","Gemfile",,,,,,,,,,,,,,"CONFIG",,1,"HEXAGONAL","PATTERN",0.5,2,"HEXAGONAL",,,,,,,,,,,,,,,,,,,,,,,,,,,,,,,,,,,,,,,,,,,,,,,,,,,,,,,,,,,,,,,,,,,,,,,,,,,,,,,,,,,,,,,,,,,,,,,,,,,,
"51","FractalNode",,"Configuration",,,"CONTAINS","61","FractalNode","package-lock.json",,,,,,,,,,,,,,"CONFIG",,1,"HEXAGONAL","PATTERN",0.5,2,"HEXAGONAL",,,,,,,,,,,,,,,,,,,,,,,,,,,,,,,,,,,,,,,,,,,,,,,,,,,,,,,,,,,,,,,,,,,,,,,,,,,,,,,,,,,,,,,,,,,,,,,,,,,,
"51","FractalNode",,"Configuration",,,"CONTAINS","62","FractalNode","techstack.yml",,,,,,,,,,,,,,"CONFIG",,1,"HEXAGONAL","PATTERN",0.5,2,"HEXAGONAL",,,,,,,,,,,,,,,,,,,,,,,,,,,,,,,,,,,,,,,,,,,,,,,,,,,,,,,,,,,,,,,,,,,,,,,,,,,,,,,,,,,,,,,,,,,,,,,,,,,,
"52","FractalNode",,"Testing",,,"CONTAINS","58","FractalNode","test",,,,,,,,,,,,,,"DIRECTORY",,1,"SQUARE","PATTERN",0.5,2,"SQUARE",,,,,,,,,,,,,,,,,,,,,,,,,,,,,,,,,,,,,,,,,,,,,,,,,,,,,,,,,,,,,,,,,,,,,,,,,,,,,,,,,,,,,,,,,,,,,,,,,,,,
"63","Tool",,"Fractal Interpreter",,,"CONTAINS","64","Tool","Pattern Engine",,,,,,,,,,,,,"Geometric Pattern Recognition","ANALYZER",,,,"SYSTEM",,,,"Pattern-Based Code Analysis",,,,,,,,,,,,,,,,,,,,,,,,,,,,,,,,,,,,,,,,,,,,,,,,,,,,,,,,,,,,,,,,,,,,,,,,,,,,,,,,,,,,,,,,,,,,,,,,,,,
"63","Tool",,"Fractal Interpreter",,,"CONTAINS","65","Tool","Code Mapper",,,,,,,,,,,,,"Code to Pattern Mapping","ANALYZER",,,,"SYSTEM",,,,"Pattern-Based Code Analysis",,,,,,,,,,,,,,,,,,,,,,,,,,,,,,,,,,,,,,,,,,,,,,,,,,,,,,,,,,,,,,,,,,,,,,,,,,,,,,,,,,,,,,,,,,,,,,,,,,,
"63","Tool",,"Fractal Interpreter",,,"CONTAINS","66","Tool","Relation Engine",,,,,,,,,,,,,"Pattern Relationship Analysis","ANALYZER",,,,"SYSTEM",,,,"Pattern-Based Code Analysis",,,,,,,,,,,,,,,,,,,,,,,,,,,,,,,,,,,,,,,,,,,,,,,,,,,,,,,,,,,,,,,,,,,,,,,,,,,,,,,,,,,,,,,,,,,,,,,,,,,
"64","Tool",,"Pattern Engine",,,"USES","67","Artifact","Pattern Recognition Rules",,"ACTIVE",,,,,,,,,,,,"RULES",,,,"ANALYZER",,,,"Geometric Pattern Recognition",,,,,,,,,,,,,,,,,,,,,,,,,,,,,,,,,,,,,,,,,,,,,,,,,,,,,,,,,,,,,,,,,,,,,,,,,,,,,,,,,,,,,,,,,,,,,,,,,,,
"65","Tool",,"Code Mapper",,,"USES","68","Artifact","Code Mapping Rules",,"ACTIVE",,,,,,,,,,,,"RULES",,,,"ANALYZER",,,,"Code to Pattern Mapping",,,,,,,,,,,,,,,,,,,,,,,,,,,,,,,,,,,,,,,,,,,,,,,,,,,,,,,,,,,,,,,,,,,,,,,,,,,,,,,,,,,,,,,,,,,,,,,,,,,
"66","Tool",,"Relation Engine",,,"USES","69","Artifact","Relationship Rules",,"ACTIVE",,,,,,,,,,,,"RULES",,,,"ANALYZER",,,,"Pattern Relationship Analysis",,,,,,,,,,,,,,,,,,,,,,,,,,,,,,,,,,,,,,,,,,,,,,,,,,,,,,,,,,,,,,,,,,,,,,,,,,,,,,,,,,,,,,,,,,,,,,,,,,,
"73","Task",,"Pattern Analysis",,"PENDING","USES","63","Tool","Fractal Interpreter",,,,,,,,,,,,"HIGH","Pattern-Based Code Analysis","SYSTEM",,,,,,,,,"Analyze code patterns and relationships",,,,,,,,,,,,,,,,,,,,,,,,,,,,,,,,,,,,,,,,,,,,,,,,,,,,,,,,,,,,,,,,,,,,,,,,,,,,,,,,,,,,,,,,,,,,,,,,,,
"73","Task",,"Pattern Analysis",,"PENDING","ANALYZES","48","FractalNode","Nexus-Prime",,,,,,,,,,,,"HIGH",,"ROOT",,,,,,0,"ROOT",,"Analyze code patterns and relationships","F:/ai_workspace/Nexus-Prime/nexus-system-development/ALL Code Repos- DevDocs",,,,,,,,,,,,,,,,,,,,,,,,,,,,,,,,,,,,,,,,,,,,,,,,,,,,,,,,,,,,,,,,,,,,,,,,,,,,,,,,,,,,,,,,,,,,,,,,,
"74","DocumentationSystem",,"Documentation Analyzer",,,"CONTAINS","75","Tool","URL Scraper",,,,,,,,,,,,,"HTTP-based Documentation Scraping","SCRAPER",,,,"SYSTEM",,,,"Documentation Analysis and Mapping",,,,,,,,,,,,,,,,,,,,,,,,,,,,,,,,,,,,,,,,,,,,,,,,,,,,,,,,,,,,,,,,,,,,,,,,,,,,,,,,,,,,,,,,,,,,,,,,,,,
"74","DocumentationSystem",,"Documentation Analyzer",,,"CONTAINS","76","Tool","File Scraper",,,,,,,,,,,,,"Filesystem-based Documentation Scraping","SCRAPER",,,,"SYSTEM",,,,"Documentation Analysis and Mapping",,,,,,,,,,,,,,,,,,,,,,,,,,,,,,,,,,,,,,,,,,,,,,,,,,,,,,,,,,,,,,,,,,,,,,,,,,,,,,,,,,,,,,,,,,,,,,,,,,,
"74","DocumentationSystem",,"Documentation Analyzer",,,"USES","77","Tool","HTML Filter Pipeline",,,,,,,,,,,,,"HTML Document Processing","FILTER",,,,"SYSTEM",,,,"Documentation Analysis and Mapping",,,,,,,,,,,,,,,,,,,,,,,,,,,,,,,,,,,,,,,,,,,,,,,,,,,,,,,,,,,,,,,,,,,,,,,,,,,,,,,,,,,,,,,,,,,,,,,,,,,
"74","DocumentationSystem",,"Documentation Analyzer",,,"USES","78","Tool","Text Filter Pipeline",,,,,,,,,,,,,"Text Content Processing","FILTER",,,,"SYSTEM",,,,"Documentation Analysis and Mapping",,,,,,,,,,,,,,,,,,,,,,,,,,,,,,,,,,,,,,,,,,,,,,,,,,,,,,,,,,,,,,,,,,,,,,,,,,,,,,,,,,,,,,,,,,,,,,,,,,,
"79","Tool",,"Cypher Analysis Patterns",,,"CONTAINS","80","Artifact","Documentation Pattern Query",,,,,,,,,,,,,"Find all documentation nodes","CYPHER_TEMPLATE",,,,"ANALYZER",,,,"Codebase Analysis Templates",,,"MATCH (doc:FractalNode)-[:CONTAINS]->(n) WHERE doc.pattern = 'CIRCULAR' RETURN n.name, n.type",,,,,,,,,,,,,,,,,,,,,,,,,,,,,,,,,,,,,,,,,,,,,,,,,,,,,,,,,,,,,,,,,,,,,,,,,,,,,,,,,,,,,,,,,,,,,,,,
"79","Tool",,"Cypher Analysis Patterns",,,"CONTAINS","81","Artifact","Code Pattern Query",,,,,,,,,,,,,"Find all code structure nodes","CYPHER_TEMPLATE",,,,"ANALYZER",,,,"Codebase Analysis Templates",,,"MATCH (code:FractalNode)-[:CONTAINS]->(n) WHERE code.pattern = 'TRIANGULAR' RETURN n.name, n.type",,,,,,,,,,,,,,,,,,,,,,,,,,,,,,,,,,,,,,,,,,,,,,,,,,,,,,,,,,,,,,,,,,,,,,,,,,,,,,,,,,,,,,,,,,,,,,,,
"79","Tool",,"Cypher Analysis Patterns",,,"CONTAINS","82","Artifact","Test Pattern Query",,,,,,,,,,,,,"Find all test nodes","CYPHER_TEMPLATE",,,,"ANALYZER",,,,"Codebase Analysis Templates",,,"MATCH (test:FractalNode)-[:CONTAINS]->(n) WHERE test.pattern = 'SQUARE' RETURN n.name, n.type",,,,,,,,,,,,,,,,,,,,,,,,,,,,,,,,,,,,,,,,,,,,,,,,,,,,,,,,,,,,,,,,,,,,,,,,,,,,,,,,,,,,,,,,,,,,,,,,
"83","Tool",,"Dependency Analyzer",,,"USES","86","Artifact","Triangular Dependency Template",,,,,,,,,,,,,"Detect Circular Dependencies","CYPHER_TEMPLATE",,,,"ANALYZER",,,,"Deep Dependency Analysis",,,"MATCH (a:Code)-[:DEPENDS_ON]->(b:Code), (b)-[:DEPENDS_ON]->(c:Code), (c)-[:DEPENDS_ON]->(a) RETURN a.name, b.name, c.name","GEOMETRIC",,,,,,,,,,,,,,,,,,,,,,,,,,,,,,,,,,,,,,,,,,,,,,,,,,,,,,,,,,,,,,,,,,,,,,,,,,,,,,,,,,,,,,,,,,,,,,,
"84","Tool",,"Quality Metrics Engine",,,"USES","87","Artifact","Documentation Circle Template",,,,,,,,,,,,,"Find Documentation Cycles","CYPHER_TEMPLATE",,,,"ANALYZER",,,,"Code Quality Analysis",,,"MATCH (d1:Doc)-[:REFERS_TO]->(d2:Doc), (d2)-[:REFERS_TO]->(d3:Doc), (d3)-[:REFERS_TO]->(d1) RETURN d1.title, d2.title, d3.title","GEOMETRIC",,,,,,,,,,,,,,,,,,,,,,,,,,,,,,,,,,,,,,,,,,,,,,,,,,,,,,,,,,,,,,,,,,,,,,,,,,,,,,,,,,,,,,,,,,,,,,,
"85","Tool",,"Fractal Pattern Analyzer",,,"USES","88","Artifact","Test Coverage Square Template",,,,,,,,,,,,,"Analyze Test Coverage Patterns","CYPHER_TEMPLATE",,,,"ANALYZER",,,,"Recursive Pattern Analysis",,,"MATCH (t1:Test)-[:TESTS]->(c1:Code)-[:DEPENDS_ON]->(c2:Code)<-[:TESTS]-(t2:Test) RETURN t1.name, c1.name, t2.name, c2.name","GEOMETRIC",,,,,,,,,,,,,,,,,,,,,,,,,,,,,,,,,,,,,,,,,,,,,,,,,,,,,,,,,,,,,,,,,,,,,,,,,,,,,,,,,,,,,,,,,,,,,,,
"89","Tool",,"Code Metrics System",,,"COLLECTS","90","Artifact","Complexity Metric",,,,,,,,,,,,,,"METRIC",,,,"METRICS",,,,"Collect and Analyze Code Metrics",,,,,"MATCH (n:Code) WHERE n.complexity > 10 RETURN n.name, n.complexity","CYCLOMATIC",,,,,,,,,,,,,,,,,,,,,,,,,,,,,,,,,,,,,,,,,,,,,,,,,,,,,,,,,,,,,,,,,,,,,,,,,,,,,,,,,,,,,,,,,,,,,
"89","Tool",,"Code Metrics System",,,"COLLECTS","91","Artifact","Coverage Metric",,,,,,,,,,,,,,"METRIC",,,,"METRICS",,,,"Collect and Analyze Code Metrics",,,,,"MATCH (c:Code) OPTIONAL MATCH (c)<-[:TESTS]-(t:Test) RETURN c.name, COUNT(t) as TestCount","TEST_COVERAGE",,,,,,,,,,,,,,,,,,,,,,,,,,,,,,,,,,,,,,,,,,,,,,,,,,,,,,,,,,,,,,,,,,,,,,,,,,,,,,,,,,,,,,,,,,,,,
"89","Tool",,"Code Metrics System",,,"COLLECTS","92","Artifact","Dependency Metric",,,,,,,,,,,,,,"METRIC",,,,"METRICS",,,,"Collect and Analyze Code Metrics",,,,,"MATCH (c:Code)-[:DEPENDS_ON]->(d:Code) RETURN c.name, COUNT(d) as DependencyCount","DEPENDENCY_COUNT",,,,,,,,,,,,,,,,,,,,,,,,,,,,,,,,,,,,,,,,,,,,,,,,,,,,,,,,,,,,,,,,,,,,,,,,,,,,,,,,,,,,,,,,,,,,,
"93","CodeModule",,"React",,,"HAS_VERSION","94","Version",,,,,,,,,,,,,,,,,,,"UrlScraper",,,,,,,,,,,"lib/docs/scrapers/react.rb","19","['/reference/react','/learn']","19","https://react.dev","19",,,,,,,,,,,,,,,,,,,,,,,,,,,,,,,,,,,,,,,,,,,,,,,,,,,,,,,,,,,,,,,,,,,,,,,,,,,,,,,,,,,,,,,
"93","CodeModule",,"React",,,"HAS_VERSION","95","Version",,,,,,,,,,,,,,,,,,,"UrlScraper",,,,,,,,,,,"lib/docs/scrapers/react.rb","19","['/reference/react','/learn']","18.3.1","https://18.react.dev","18",,,,,,,,,,,,,,,,,,,,,,,,,,,,,,,,,,,,,,,,,,,,,,,,,,,,,,,,,,,,,,,,,,,,,,,,,,,,,,,,,,,,,,,
"93","CodeModule",,"React",,,"HAS_VERSION","96","Version",,,,,,,,,,,,,,,,,,,"UrlScraper",,,,,,,,,,,"lib/docs/scrapers/react.rb","19",,"17.0.2","https://17.reactjs.org/docs/","17","hello-world.html",,,,,,,,,,,,,,,,,,,,,,,,,,,,,,,,,,,,,,,,,,,,,,,,,,,,,,,,,,,,,,,,,,,,,,,,,,,,,,,,,,,,,,
"94","Version",,,,,"USES_FILTER","97","Filter","clean_html_react_dev",,,,,,,,,,,,,,"HTML",,,,,,,,,,"lib/docs/filters/react/clean_html_react_dev.rb","CleanHtmlReactDevFilter extends Filter class with HTML cleaning capabilities",,,,,,,,,,,"['/reference/react','/learn']","19","https://react.dev","19","['Remove breadcrumbs','Clean unnecessary elements','Fix image loading','Transform callout blocks','Handle syntax highlighting']","['yellow callout -> note-orange','green callout -> note-green','gray callout -> note','bg-card -> note','details -> note-blue']",,,,,,,,,,,,,,,,,,,,,,,,,,,,,,,,,,,,,,,,,,,,,,,,,,,,,,,,,,,,,,,,,,,,,,,,,,,,,,,,
"94","Version",,,,,"USES_FILTER","98","Filter","entries_react_dev",,,,,,,,,,,,,,"Entries",,,,,,,,,,"lib/docs/filters/react/entries_react_dev.rb",,,,,,,,,,,,"['/reference/react','/learn']","19","https://react.dev","19",,,,,,,,,,,,,,,,,,,,,,,,,,,,,,,,,,,,,,,,,,,,,,,,,,,,,,,,,,,,,,,,,,,,,,,,,,,,,,,,,,
"95","Version",,,,,"USES_FILTER","97","Filter","clean_html_react_dev",,,,,,,,,,,,,,"HTML",,,,,,,,,,"lib/docs/filters/react/clean_html_react_dev.rb","CleanHtmlReactDevFilter extends Filter class with HTML cleaning capabilities",,,,,,,,,,,"['/reference/react','/learn']","18.3.1","https://18.react.dev","18","['Remove breadcrumbs','Clean unnecessary elements','Fix image loading','Transform callout blocks','Handle syntax highlighting']","['yellow callout -> note-orange','green callout -> note-green','gray callout -> note','bg-card -> note','details -> note-blue']",,,,,,,,,,,,,,,,,,,,,,,,,,,,,,,,,,,,,,,,,,,,,,,,,,,,,,,,,,,,,,,,,,,,,,,,,,,,,,,,
"95","Version",,,,,"USES_FILTER","98","Filter","entries_react_dev",,,,,,,,,,,,,,"Entries",,,,,,,,,,"lib/docs/filters/react/entries_react_dev.rb",,,,,,,,,,,,"['/reference/react','/learn']","18.3.1","https://18.react.dev","18",,,,,,,,,,,,,,,,,,,,,,,,,,,,,,,,,,,,,,,,,,,,,,,,,,,,,,,,,,,,,,,,,,,,,,,,,,,,,,,,,,
"97","Filter",,"clean_html_react_dev",,,"HAS_RULE","99","FilterRule","Remove Selectors",,,,,,,,,,,,,,"REMOVAL","lib/docs/filters/react/clean_html_react_dev.rb",,,"HTML",,,,,,,,,,,,,,,,,,,,,,,,"['Remove breadcrumbs','Clean unnecessary elements','Fix image loading','Transform callout blocks','Handle syntax highlighting']","['yellow callout -> note-orange','green callout -> note-green','gray callout -> note','bg-card -> note','details -> note-blue']","CleanHtmlReactDevFilter extends Filter class with HTML cleaning capabilities","['div.grid > a','button','div.order-last','div.dark-image','a[title='Open in CodeSandbox']']",,,,,,,,,,,,,,,,,,,,,,,,,,,,,,,,,,,,,,,,,,,,,,,,,,,,,,,,,,,,,,,,,,,,,,,,,,,,
"97","Filter",,"clean_html_react_dev",,,"HAS_RULE","100","FilterRule","Transform Selectors",,,,,,,,,,,,,,"TRANSFORMATION","lib/docs/filters/react/clean_html_react_dev.rb",,,"HTML",,,,,,,,,,,,,,,,,,,,,,,,"['Remove breadcrumbs','Clean unnecessary elements','Fix image loading','Transform callout blocks','Handle syntax highlighting']","['yellow callout -> note-orange','green callout -> note-green','gray callout -> note','bg-card -> note','details -> note-blue']","CleanHtmlReactDevFilter extends Filter class with HTML cleaning capabilities","['.expandable-callout[class*=yellow]','.expandable-callout[class*=green]','.expandable-callout[class*=gray]','.bg-card','details']",,,,,,,,,,,,,,,,,,,,,,,,,,,,,,,,,,,,,,,,,,,,,,,,,,,,,,,,,,,,,,,,,,,,,,,,,,,,
"101","DocCategory",,"Programming Languages",,,"INCLUDES","106","Documentation","Python",,,,,,,,,,,,,,"LANGUAGE",,,,"CATEGORY",,,,,,,,,,,,,,,,,,,,,,,,,,,,"lib/docs/scrapers/python.rb",,,,,,,,,,,,,,,,,,,,,,,,,,,,,,,,,,,,,,,,,,,,,,,,,,,,,,,,,,,,,,,,,,,,,,,,,,,
"101","DocCategory",,"Programming Languages",,,"INCLUDES","107","Documentation","JavaScript",,,,,,,,,,,,,,"LANGUAGE",,,,"CATEGORY",,,,,,,,,,,,,,,,,,,,,,,,,,,,,"MDN",,,,,,,,,,,,,,,,,,,,,,,,,,,,,,,,,,,,,,,,,,,,,,,,,,,,,,,,,,,,,,,,,,,,,,,,,,
"101","DocCategory",,"Programming Languages",,,"INCLUDES","108","Documentation","Rust",,,,,,,,,,,,,,"LANGUAGE",,,,"CATEGORY",,,,,,,,,,,,,,,,,,,,,,,,,,,,"lib/docs/scrapers/rust.rb",,,,,,,,,,,,,,,,,,,,,,,,,,,,,,,,,,,,,,,,,,,,,,,,,,,,,,,,,,,,,,,,,,,,,,,,,,,
"102","DocCategory",,"Web Frameworks",,,"INCLUDES","109","Documentation","React",,,,,,,,,,,,,,"FRAMEWORK",,,,"CATEGORY",,,,,,,,,,,,,,,,,,,,,,,,,,,,"lib/docs/scrapers/react.rb",,,,,,,,,,,,,,,,,,,,,,,,,,,,,,,,,,,,,,,,,,,,,,,,,,,,,,,,,,,,,,,,,,,,,,,,,,,
"102","DocCategory",,"Web Frameworks",,,"INCLUDES","110","Documentation","Vue",,,,,,,,,,,,,,"FRAMEWORK",,,,"CATEGORY",,,,,,,,,,,,,,,,,,,,,,,,,,,,"lib/docs/scrapers/vue.rb",,,,,,,,,,,,,,,,,,,,,,,,,,,,,,,,,,,,,,,,,,,,,,,,,,,,,,,,,,,,,,,,,,,,,,,,,,,
"102","DocCategory",,"Web Frameworks",,,"INCLUDES","111","Documentation","Angular",,,,,,,,,,,,,,"FRAMEWORK",,,,"CATEGORY",,,,,,,,,,,,,,,,,,,,,,,,,,,,"lib/docs/scrapers/angular.rb",,,,,,,,,,,,,,,,,,,,,,,,,,,,,,,,,,,,,,,,,,,,,,,,,,,,,,,,,,,,,,,,,,,,,,,,,,,
"118","DocScraper",,"Dart",,,"USES_SCRAPER","113","ScraperType","FileScraper",,,,,,,,,,,,,,,,,,,,,,,,,,,,,,,,,,,,,,,,,,,,,,,,"dart~VERSION","curl https://storage.googleapis.com/dart-archive/channels/stable/release/$RELEASE/api-docs/dartdocs-gen-api.zip > dartApi.zip","https://www.dartlang.org/tools/sdk/archive","Scrapes local documentation files",,,,,,,,,,,,,,,,,,,,,,,,,,,,,,,,,,,,,,,,,,,,,,,,,,,,,,,,,,,,,,,,,,,,,,
"118","DocScraper",,"Dart",,,"USES_BUILD","115","BuildMethod","Download Archive",,,,,,,,,,,,,,,,,,,,,,,,,,,,,,,,,,,,,,,,,,,,,,,,"dart~VERSION","curl https://storage.googleapis.com/dart-archive/channels/stable/release/$RELEASE/api-docs/dartdocs-gen-api.zip > dartApi.zip","https://www.dartlang.org/tools/sdk/archive","Download and extract pre-built documentation archives",,,,,,,,,,,,,,,,,,,,,,,,,,,,,,,,,,,,,,,,,,,,,,,,,,,,,,,,,,,,,,,,,,,,,,
"119","DocScraper",,"Django",,,"USES_SCRAPER","113","ScraperType","FileScraper",,,,,,,,,,,,,,,,,,,,,,,,,,,,,,,,,,,,,,,,,,,,,,,,"django~VERSION","curl https://media.djangoproject.com/docs/django-docs-$VERSION-en.zip","https://docs.djangoproject.com/","Scrapes local documentation files",,,,,,,,,,,,,,,,,,,,,,,,,,,,,,,,,,,,,,,,,,,,,,,,,,,,,,,,,,,,,,,,,,,,,,
"119","DocScraper",,"Django",,,"USES_BUILD","115","BuildMethod","Download Archive",,,,,,,,,,,,,,,,,,,,,,,,,,,,,,,,,,,,,,,,,,,,,,,,"django~VERSION","curl https://media.djangoproject.com/docs/django-docs-$VERSION-en.zip","https://docs.djangoproject.com/","Download and extract pre-built documentation archives",,,,,,,,,,,,,,,,,,,,,,,,,,,,,,,,,,,,,,,,,,,,,,,,,,,,,,,,,,,,,,,,,,,,,,
"120","DocScraper",,"Python",,,"USES_SCRAPER","113","ScraperType","FileScraper",,,,,,,,,,,,,,,,,,,,,,,,,,,,,,,,,,,,,,,,,,,,,,,,"python~VERSION","curl -L https://docs.python.org/$VERSION/archives/python-$RELEASE-docs-html.tar.bz2","https://docs.python.org/","Scrapes local documentation files",,,,,,,,,,,,,,,,,,,,,,,,,,,,,,,,,,,,,,,,,,,,,,,,,,,,,,,,,,,,,,,,,,,,,,
"120","DocScraper",,"Python",,,"USES_BUILD","115","BuildMethod","Download Archive",,,,,,,,,,,,,,,,,,,,,,,,,,,,,,,,,,,,,,,,,,,,,,,,"python~VERSION","curl -L https://docs.python.org/$VERSION/archives/python-$RELEASE-docs-html.tar.bz2","https://docs.python.org/","Download and extract pre-built documentation archives",,,,,,,,,,,,,,,,,,,,,,,,,,,,,,,,,,,,,,,,,,,,,,,,,,,,,,,,,,,,,,,,,,,,,,
"118","DocScraper",,"Dart",,,"HAS_FILTER","121","FilterType","CleanHTML",,,,,,,,,,,,,"Remove unnecessary HTML elements",,,,,,,,,,,,,,,,,,,,,,,,,,,,,,,,,,,"dart~VERSION","curl https://storage.googleapis.com/dart-archive/channels/stable/release/$RELEASE/api-docs/dartdocs-gen-api.zip > dartApi.zip","https://www.dartlang.org/tools/sdk/archive",,,,,,,,,,,,,,,,,,,,,,,,,,,,,,,,,,,,,,,,,,,,,,,,,,,,,,,,,,,,,,,,,,,,,,,
"118","DocScraper",,"Dart",,,"HAS_FILTER","122","FilterType","Entries",,,,,,,,,,,,,"Extract documentation entries",,,,,,,,,,,,,,,,,,,,,,,,,,,,,,,,,,,"dart~VERSION","curl https://storage.googleapis.com/dart-archive/channels/stable/release/$RELEASE/api-docs/dartdocs-gen-api.zip > dartApi.zip","https://www.dartlang.org/tools/sdk/archive",,,,,,,,,,,,,,,,,,,,,,,,,,,,,,,,,,,,,,,,,,,,,,,,,,,,,,,,,,,,,,,,,,,,,,,
"118","DocScraper",,"Dart",,,"HAS_FILTER","123","FilterType","Container",,,,,,,,,,,,,"Extract main content container",,,,,,,,,,,,,,,,,,,,,,,,,,,,,,,,,,,"dart~VERSION","curl https://storage.googleapis.com/dart-archive/channels/stable/release/$RELEASE/api-docs/dartdocs-gen-api.zip > dartApi.zip","https://www.dartlang.org/tools/sdk/archive",,,,,,,,,,,,,,,,,,,,,,,,,,,,,,,,,,,,,,,,,,,,,,,,,,,,,,,,,,,,,,,,,,,,,,,
"118","DocScraper",,"Dart",,,"HAS_FILTER","124","FilterType","Attribution",,,,,,,,,,,,,"Add attribution and licensing",,,,,,,,,,,,,,,,,,,,,,,,,,,,,,,,,,,"dart~VERSION","curl https://storage.googleapis.com/dart-archive/channels/stable/release/$RELEASE/api-docs/dartdocs-gen-api.zip > dartApi.zip","https://www.dartlang.org/tools/sdk/archive",,,,,,,,,,,,,,,,,,,,,,,,,,,,,,,,,,,,,,,,,,,,,,,,,,,,,,,,,,,,,,,,,,,,,,,
"119","DocScraper",,"Django",,,"HAS_FILTER","121","FilterType","CleanHTML",,,,,,,,,,,,,"Remove unnecessary HTML elements",,,,,,,,,,,,,,,,,,,,,,,,,,,,,,,,,,,"django~VERSION","curl https://media.djangoproject.com/docs/django-docs-$VERSION-en.zip","https://docs.djangoproject.com/",,,,,,,,,,,,,,,,,,,,,,,,,,,,,,,,,,,,,,,,,,,,,,,,,,,,,,,,,,,,,,,,,,,,,,,
"119","DocScraper",,"Django",,,"HAS_FILTER","122","FilterType","Entries",,,,,,,,,,,,,"Extract documentation entries",,,,,,,,,,,,,,,,,,,,,,,,,,,,,,,,,,,"django~VERSION","curl https://media.djangoproject.com/docs/django-docs-$VERSION-en.zip","https://docs.djangoproject.com/",,,,,,,,,,,,,,,,,,,,,,,,,,,,,,,,,,,,,,,,,,,,,,,,,,,,,,,,,,,,,,,,,,,,,,,
"119","DocScraper",,"Django",,,"HAS_FILTER","123","FilterType","Container",,,,,,,,,,,,,"Extract main content container",,,,,,,,,,,,,,,,,,,,,,,,,,,,,,,,,,,"django~VERSION","curl https://media.djangoproject.com/docs/django-docs-$VERSION-en.zip","https://docs.djangoproject.com/",,,,,,,,,,,,,,,,,,,,,,,,,,,,,,,,,,,,,,,,,,,,,,,,,,,,,,,,,,,,,,,,,,,,,,,
"119","DocScraper",,"Django",,,"HAS_FILTER","124","FilterType","Attribution",,,,,,,,,,,,,"Add attribution and licensing",,,,,,,,,,,,,,,,,,,,,,,,,,,,,,,,,,,"django~VERSION","curl https://media.djangoproject.com/docs/django-docs-$VERSION-en.zip","https://docs.djangoproject.com/",,,,,,,,,,,,,,,,,,,,,,,,,,,,,,,,,,,,,,,,,,,,,,,,,,,,,,,,,,,,,,,,,,,,,,,
"120","DocScraper",,"Python",,,"HAS_FILTER","121","FilterType","CleanHTML",,,,,,,,,,,,,"Remove unnecessary HTML elements",,,,,,,,,,,,,,,,,,,,,,,,,,,,,,,,,,,"python~VERSION","curl -L https://docs.python.org/$VERSION/archives/python-$RELEASE-docs-html.tar.bz2","https://docs.python.org/",,,,,,,,,,,,,,,,,,,,,,,,,,,,,,,,,,,,,,,,,,,,,,,,,,,,,,,,,,,,,,,,,,,,,,,
"120","DocScraper",,"Python",,,"HAS_FILTER","122","FilterType","Entries",,,,,,,,,,,,,"Extract documentation entries",,,,,,,,,,,,,,,,,,,,,,,,,,,,,,,,,,,"python~VERSION","curl -L https://docs.python.org/$VERSION/archives/python-$RELEASE-docs-html.tar.bz2","https://docs.python.org/",,,,,,,,,,,,,,,,,,,,,,,,,,,,,,,,,,,,,,,,,,,,,,,,,,,,,,,,,,,,,,,,,,,,,,,
"120","DocScraper",,"Python",,,"HAS_FILTER","123","FilterType","Container",,,,,,,,,,,,,"Extract main content container",,,,,,,,,,,,,,,,,,,,,,,,,,,,,,,,,,,"python~VERSION","curl -L https://docs.python.org/$VERSION/archives/python-$RELEASE-docs-html.tar.bz2","https://docs.python.org/",,,,,,,,,,,,,,,,,,,,,,,,,,,,,,,,,,,,,,,,,,,,,,,,,,,,,,,,,,,,,,,,,,,,,,,
"120","DocScraper",,"Python",,,"HAS_FILTER","124","FilterType","Attribution",,,,,,,,,,,,,"Add attribution and licensing",,,,,,,,,,,,,,,,,,,,,,,,,,,,,,,,,,,"python~VERSION","curl -L https://docs.python.org/$VERSION/archives/python-$RELEASE-docs-html.tar.bz2","https://docs.python.org/",,,,,,,,,,,,,,,,,,,,,,,,,,,,,,,,,,,,,,,,,,,,,,,,,,,,,,,,,,,,,,,,,,,,,,,
"125","Language",,"Python",,,"CONTAINS","126","Category","Built-in Types",,,,,,,,,,,,,,,,,,,,,,,,,,,,,,,,,,,,,,,"3.12",,,,,,,,,,,,,"https://docs.python.org/3","https://docs.python.org/3/library/stdtypes.html",,,,,,,,,,,,,,,,,,,,,,,,,,,,,,,,,,,,,,,,,,,,,,,,,,,,,,,,,,,,,,,,,,,,
"126","Category",,"Built-in Types",,,"INCLUDES","127","Type","Numeric Types",,,,,,,,,,,,,,,,,,,,,,,,,,,,,,,,,,,,,,,,,,,,,,,,,,,,,,"https://docs.python.org/3/library/stdtypes.html","['int','float','complex']",,,,,,,,,,,,,,,,,,,,,,,,,,,,,,,,,,,,,,,,,,,,,,,,,,,,,,,,,,,,,,,,,,
"126","Category",,"Built-in Types",,,"INCLUDES","128","Type","Sequence Types",,,,,,,,,,,,,,,,,,,,,,,,,,,,,,,,,,,,,,,,,,,,,,,,,,,,,,"https://docs.python.org/3/library/stdtypes.html","['list','tuple','range']",,,,,,,,,,,,,,,,,,,,,,,,,,,,,,,,,,,,,,,,,,,,,,,,,,,,,,,,,,,,,,,,,,
"126","Category",,"Built-in Types",,,"INCLUDES","129","Type","Mapping Types",,,,,,,,,,,,,,,,,,,,,,,,,,,,,,,,,,,,,,,,,,,,,,,,,,,,,,"https://docs.python.org/3/library/stdtypes.html","['dict']",,,,,,,,,,,,,,,,,,,,,,,,,,,,,,,,,,,,,,,,,,,,,,,,,,,,,,,,,,,,,,,,,,
"126","Category",,"Built-in Types",,,"INCLUDES","130","Type","Set Types",,,,,,,,,,,,,,,,,,,,,,,,,,,,,,,,,,,,,,,,,,,,,,,,,,,,,,"https://docs.python.org/3/library/stdtypes.html","['set','frozenset']",,,,,,,,,,,,,,,,,,,,,,,,,,,,,,,,,,,,,,,,,,,,,,,,,,,,,,,,,,,,,,,,,,
"126","Category",,"Built-in Types",,,"INCLUDES","131","Type","Text Sequence Type",,,,,,,,,,,,,,,,,,,,,,,,,,,,,,,,,,,,,,,,,,,,,,,,,,,,,,"https://docs.python.org/3/library/stdtypes.html","['str']",,,,,,,,,,,,,,,,,,,,,,,,,,,,,,,,,,,,,,,,,,,,,,,,,,,,,,,,,,,,,,,,,,
"126","Category",,"Built-in Types",,,"INCLUDES","132","Type","Binary Types",,,,,,,,,,,,,,,,,,,,,,,,,,,,,,,,,,,,,,,,,,,,,,,,,,,,,,"https://docs.python.org/3/library/stdtypes.html","['bytes','bytearray','memoryview']",,,,,,,,,,,,,,,,,,,,,,,,,,,,,,,,,,,,,,,,,,,,,,,,,,,,,,,,,,,,,,,,,,
"128","Type",,"Sequence Types",,,"DEFINES","133","Method","list",,,,,,,,,,,,,,"class",,,,,,,,,,,,,,,,,,,,,,,,,,,,,,,,,,,,,,,,,,"['list','tuple','range']",,,,,,,,,,,,,,,,,,,,,,,,,,,,,,,,,,,,,,,,,,,,,,,,,,,,,,,,,,,,,,,,,
"133","Method",,"list",,,"HAS_METHOD","134","Method","append",,,,,,,,,,,,,,,,,,"class",,,,,,,,,,,,,,,,,,,,,,,,,,,,,,,,,"Add an item to the end of the list",,,,,,"list.append(x)","lst = [1, 2, 3] lst.append(4) # lst is now [1, 2, 3, 4]",,,,,,,,,,,,,,,,,,,,,,,,,,,,,,,,,,,,,,,,,,,,,,,,,,,,,,,,,,,,,,,
"133","Method",,"list",,,"HAS_METHOD","135","Method","extend",,,,,,,,,,,,,,,,,,"class",,,,,,,,,,,,,,,,,,,,,,,,,,,,,,,,,"Extend list by appending elements from the iterable",,,,,,"list.extend(iterable)","lst = [1, 2, 3] lst.extend([4, 5]) # lst is now [1, 2, 3, 4, 5]",,,,,,,,,,,,,,,,,,,,,,,,,,,,,,,,,,,,,,,,,,,,,,,,,,,,,,,,,,,,,,,
"133","Method",,"list",,,"HAS_METHOD","136","Method","insert",,,,,,,,,,,,,,,,,,"class",,,,,,,,,,,,,,,,,,,,,,,,,,,,,,,,,"Insert an item at a given position",,,,,,"list.insert(i, x)","lst = [1, 2, 3] lst.insert(1, 4) # lst is now [1, 4, 2, 3]",,,,,,,,,,,,,,,,,,,,,,,,,,,,,,,,,,,,,,,,,,,,,,,,,,,,,,,,,,,,,,,
"137","Language",,"Cypher",,,"CONTAINS","138","Category","Clauses",,,,,,,,,,,,,,,,,,,,,,,,,,,,,,,,,,,,,,,"Current",,,,,,,,,,,,,"https://neo4j.com/docs/cypher-manual/current/","https://neo4j.com/docs/cypher-manual/current/clauses/",,,,,,,,,,,,,,,,,,,,,,,,,,,,,,,,,,,,,,,,,,,,,,,,,,,,,,,,,,,,,,,,,,,,
"137","Language",,"Cypher",,,"CONTAINS","139","Category","Expressions",,,,,,,,,,,,,,,,,,,,,,,,,,,,,,,,,,,,,,,"Current",,,,,,,,,,,,,"https://neo4j.com/docs/cypher-manual/current/","https://neo4j.com/docs/cypher-manual/current/expressions/",,,,,,,,,,,,,,,,,,,,,,,,,,,,,,,,,,,,,,,,,,,,,,,,,,,,,,,,,,,,,,,,,,,,
"137","Language",,"Cypher",,,"CONTAINS","140","Category","Functions",,,,,,,,,,,,,,,,,,,,,,,,,,,,,,,,,,,,,,,"Current",,,,,,,,,,,,,"https://neo4j.com/docs/cypher-manual/current/","https://neo4j.com/docs/cypher-manual/current/functions/",,,,,,,,,,,,,,,,,,,,,,,,,,,,,,,,,,,,,,,,,,,,,,,,,,,,,,,,,,,,,,,,,,,,
"138","Category",,"Clauses",,,"INCLUDES","141","Clause","MATCH",,,,,,,,,,,,,,,,,,,,,,,,,,,,,,,,,,,,,,,,,,,,,,,,,,,"Search for patterns in the graph",,,"https://neo4j.com/docs/cypher-manual/current/clauses/",,,"MATCH (node:Label) [WHERE condition]","MATCH (n:Person) WHERE n.age > 21 RETURN n",,,,,,,,,,,,,,,,,,,,,,,,,,,,,,,,,,,,,,,,,,,,,,,,,,,,,,,,,,,,,,,
"138","Category",,"Clauses",,,"INCLUDES","142","Clause","CREATE",,,,,,,,,,,,,,,,,,,,,,,,,,,,,,,,,,,,,,,,,,,,,,,,,,,"Create nodes and relationships",,,"https://neo4j.com/docs/cypher-manual/current/clauses/",,,"CREATE (node:Label {properties})","CREATE (n:Person {name: 'John'})",,,,,,,,,,,,,,,,,,,,,,,,,,,,,,,,,,,,,,,,,,,,,,,,,,,,,,,,,,,,,,,
"138","Category",,"Clauses",,,"INCLUDES","143","Clause","WHERE",,,,,,,,,,,,,,,,,,,,,,,,,,,,,,,,,,,,,,,,,,,,,,,,,,,"Filter pattern search",,,"https://neo4j.com/docs/cypher-manual/current/clauses/",,,"WHERE condition","WHERE n.property > value",,,,,,,,,,,,,,,,,,,,,,,,,,,,,,,,,,,,,,,,,,,,,,,,,,,,,,,,,,,,,,,
"144","Language",,"LMQL",,,"CONTAINS","145","Category","Language Basics",,,,,,,,,,,,,,,,,,,,,,,,,,,,,,,,,,,,,,,"Latest",,,,,,,,,,,,,"https://lmql.ai/docs/latest/","https://lmql.ai/docs/language/overview.html",,,,,,,,,,,,,,,,,,,,,,,,,,,,,,,,,,,,,,,,,,,,,,,,,,,,,,,,,,,,,,,,,,,,
"144","Language",,"LMQL",,,"CONTAINS","146","Category","Scripted Prompting",,,,,,,,,,,,,,,,,,,,,,,,,,,,,,,,,,,,,,,"Latest",,,,,,,,,,,,,"https://lmql.ai/docs/latest/","https://lmql.ai/docs/language/scripted-prompting.html",,,,,,,,,,,,,,,,,,,,,,,,,,,,,,,,,,,,,,,,,,,,,,,,,,,,,,,,,,,,,,,,,,,,
"144","Language",,"LMQL",,,"CONTAINS","147","Category","Constraints",,,,,,,,,,,,,,,,,,,,,,,,,,,,,,,,,,,,,,,"Latest",,,,,,,,,,,,,"https://lmql.ai/docs/latest/","https://lmql.ai/docs/language/constraints.html",,,,,,,,,,,,,,,,,,,,,,,,,,,,,,,,,,,,,,,,,,,,,,,,,,,,,,,,,,,,,,,,,,,,
"145","Category",,"Language Basics",,,"INCLUDES","148","Construct","Prompt",,,,,,,,,,,,,,,,,,,,,,,,,,,,,,,,,,,,,,,,,,,,,,,,,,,"Define a prompt segment with constraints",,,"https://lmql.ai/docs/language/overview.html",,,"@prompt('text') variable: str","@prompt('What is the capital of [COUNTRY]?') location: str",,,,,,,,,,,,,,,,,,,,,,,,,,,,,,,,,,,,,,,,,,,,,,,,,,,,,,,,,,,,,,,
"147","Category",,"Constraints",,,"INCLUDES","149","Construct","Constraint",,,,,,,,,,,,,,,,,,,,,,,,,,,,,,,,,,,,,,,,,,,,,,,,,,,"Add constraints to generated output",,,"https://lmql.ai/docs/language/constraints.html",,,"where <condition>","where len(RESPONSE) < 100",,,,,,,,,,,,,,,,,,,,,,,,,,,,,,,,,,,,,,,,,,,,,,,,,,,,,,,,,,,,,,,
"145","Category",,"Language Basics",,,"INCLUDES","150","Construct","Decoder",,,,,,,,,,,,,,,,,,,,,,,,,,,,,,,,,,,,,,,,,,,,,,,,,,,"Configure how text is generated",,,"https://lmql.ai/docs/language/overview.html",,,"from lmql.model import decoder(...)","argmax sample(temperature=0.8)",,,,,,,,,,,,,,,,,,,,,,,,,,,,,,,,,,,,,,,,,,,,,,,,,,,,,,,,,,,,,,,
"125","Language",,"Python",,,"CONTAINS","152","Category","Built-in Types",,,,,,,,,,,,,,,,,,,,,,,,,,,,,,,,,,,,,,,"3.12",,,,,,,,,,,,,"https://docs.python.org/3","library/stdtypes.html",,,,,,,,,,,,,,,,,,,,,,,,,,,,,,,,,,,,,,,,,,,,,,,,,,,,,,,,,,,,,,,,,,,,
"151","Language",,"Python",,,"CONTAINS","152","Category","Built-in Types",,,,,,,,,,,,,,,,,,,,,,,,,,,,,,,,,,,,,,,"3.12",,,,,,,,,,,,,"https://docs.python.org/3.12/","library/stdtypes.html",,,,,,,,,,,,,,,,,,,,,,,,,,,,,,,,,,,,,,,,,,,,,,,,,,,,,,,,,,,,,,,,,,,,
"125","Language",,"Python",,,"CONTAINS","153","Category","Standard Library",,,,,,,,,,,,,,,,,,,,,,,,,,,,,,,,,,,,,,,"3.12",,,,,,,,,,,,,"https://docs.python.org/3","library/index.html",,,,,,,,,,,,,,,,,,,,,,,,,,,,,,,,,,,,,,,,,,,,,,,,,,,,,,,,,,,,,,,,,,,,
"151","Language",,"Python",,,"CONTAINS","153","Category","Standard Library",,,,,,,,,,,,,,,,,,,,,,,,,,,,,,,,,,,,,,,"3.12",,,,,,,,,,,,,"https://docs.python.org/3.12/","library/index.html",,,,,,,,,,,,,,,,,,,,,,,,,,,,,,,,,,,,,,,,,,,,,,,,,,,,,,,,,,,,,,,,,,,,
"125","Language",,"Python",,,"CONTAINS","154","Category","Language Reference",,,,,,,,,,,,,,,,,,,,,,,,,,,,,,,,,,,,,,,"3.12",,,,,,,,,,,,,"https://docs.python.org/3","reference/index.html",,,,,,,,,,,,,,,,,,,,,,,,,,,,,,,,,,,,,,,,,,,,,,,,,,,,,,,,,,,,,,,,,,,,
"151","Language",,"Python",,,"CONTAINS","154","Category","Language Reference",,,,,,,,,,,,,,,,,,,,,,,,,,,,,,,,,,,,,,,"3.12",,,,,,,,,,,,,"https://docs.python.org/3.12/","reference/index.html",,,,,,,,,,,,,,,,,,,,,,,,,,,,,,,,,,,,,,,,,,,,,,,,,,,,,,,,,,,,,,,,,,,,
"152","Category",,"Built-in Types",,,"INCLUDES","127","Type","Numeric Types",,,,,,,,,,,,,,,,,,,,,,,,,,,,,,,,,,,,,,,,,,,,,,,,,,,,,,"library/stdtypes.html","['int','float','complex']",,,,,,,,,,,,,,,,,,,,,,,,,,,,,,,,,,,,,,,,,,,,,,,,,,,,,,,,,,,,,,,,,,
"152","Category",,"Built-in Types",,,"INCLUDES","128","Type","Sequence Types",,,,,,,,,,,,,,,,,,,,,,,,,,,,,,,,,,,,,,,,,,,,,,,,,,,,,,"library/stdtypes.html","['list','tuple','range']",,,,,,,,,,,,,,,,,,,,,,,,,,,,,,,,,,,,,,,,,,,,,,,,,,,,,,,,,,,,,,,,,,
"152","Category",,"Built-in Types",,,"INCLUDES","155","Type","Text Sequence",,,,,,,,,,,,,,,,,,,,,,,,,,,,,,,,,,,,,,,,,,,,,,,,,,,,,,"library/stdtypes.html","['str']",,,,,,,,,,,,,,,,,,,,,,,,,,,,,,,,,,,,,,,,,,,,,,,,,,,,,,,,,,,,,,,,,,
"152","Category",,"Built-in Types",,,"INCLUDES","129","Type","Mapping Types",,,,,,,,,,,,,,,,,,,,,,,,,,,,,,,,,,,,,,,,,,,,,,,,,,,,,,"library/stdtypes.html","['dict']",,,,,,,,,,,,,,,,,,,,,,,,,,,,,,,,,,,,,,,,,,,,,,,,,,,,,,,,,,,,,,,,,,
"152","Category",,"Built-in Types",,,"INCLUDES","130","Type","Set Types",,,,,,,,,,,,,,,,,,,,,,,,,,,,,,,,,,,,,,,,,,,,,,,,,,,,,,"library/stdtypes.html","['set','frozenset']",,,,,,,,,,,,,,,,,,,,,,,,,,,,,,,,,,,,,,,,,,,,,,,,,,,,,,,,,,,,,,,,,,
"155","Type",,"Text Sequence",,,"DEFINES","156","Method","capitalize",,,,,,,,,,,,,,,,,,,,,,,,,,,,,,,,,,,,,,,,,,,,,,,,,,,"Return a copy of the string with its first character capitalized and the rest lowercased.",,,,,"['str']","str.capitalize()","'hello world'.capitalize() -> 'Hello world'",,,,,,,,,,,,,,,,,,,,,,,,,,,,,,,,,,,,,,,,,,,,,,,,,,,,,,,,,,,,,,,
"155","Type",,"Text Sequence",,,"DEFINES","157","Method","lower",,,,,,,,,,,,,,,,,,,,,,,,,,,,,,,,,,,,,,,,,,,,,,,,,,,"Return a copy of the string with all the case characters converted to lowercase.",,,,,"['str']","str.lower()","'Hello World'.lower() -> 'hello world'",,,,,,,,,,,,,,,,,,,,,,,,,,,,,,,,,,,,,,,,,,,,,,,,,,,,,,,,,,,,,,,
"155","Type",,"Text Sequence",,,"DEFINES","158","Method","upper",,,,,,,,,,,,,,,,,,,,,,,,,,,,,,,,,,,,,,,,,,,,,,,,,,,"Return a copy of the string with all the case characters converted to uppercase.",,,,,"['str']","str.upper()","'Hello World'.upper() -> 'HELLO WORLD'",,,,,,,,,,,,,,,,,,,,,,,,,,,,,,,,,,,,,,,,,,,,,,,,,,,,,,,,,,,,,,,
"155","Type",,"Text Sequence",,,"DEFINES","159","Method","split",,,,,,,,,,,,,,,,,,,,,,,,,,,,,,,,,,,,,,,,,,,,,,,,,,,"Return a list of the words in the string, using sep as the delimiter string.",,,,,"['str']","str.split(sep=None, maxsplit=-1)","'hello world'.split() -> ['hello', 'world']",,,,,,,,,,,,,,,,,,,,,,,,,,,,,,,,,,,,,,,,,,,,,,,,,,,,,,,,,,,,,,,
"160","Language",,"Mamba",,,"CONTAINS","161","Category","Architecture",,,,,,,,,,,,,,,,,,,,,,,,,,,,,,,,,,,,,,,"1.0.0",,,,,,,,,,,,,"https://github.com/state-spaces/mamba","https://github.com/state-spaces/mamba#architecture",,,,,,,,,,,,,,,,,,,,,,,,,,,,,,,,,,,,,,,,,,,,,,,,,,,,,,,,,,,,,,,,,,,,
"160","Language",,"Mamba",,,"CONTAINS","162","Category","State Space Models",,,,,,,,,,,,,,,,,,,,,,,,,,,,,,,,,,,,,,,"1.0.0",,,,,,,,,,,,,"https://github.com/state-spaces/mamba","https://github.com/state-spaces/mamba#ssm",,,,,,,,,,,,,,,,,,,,,,,,,,,,,,,,,,,,,,,,,,,,,,,,,,,,,,,,,,,,,,,,,,,,
"160","Language",,"Mamba",,,"CONTAINS","0","Category","Selective Mechanisms",,,,,,,,,,,,,,,,,,,,,,,,,,,,,,,,,,,,,,,"1.0.0",,,,,,,,,,,,,"https://github.com/state-spaces/mamba","https://github.com/state-spaces/mamba#selective",,,,,,,,,,,,,,,,,,,,,,,,,,,,,,,,,,,,,,,,,,,,,,,,,,,,,,,,,,,,,,,,,,,,
"161","Category",,"Architecture",,,"INCLUDES","1","Type","MambaBlock",,,,,,,,,,,,,,,,,,,,,,,,,,,,,,,,,,,,,,,,,,,,,,,,,,,,,,"https://github.com/state-spaces/mamba#architecture","['input_layer','ssm_layer','output_layer']",,,,,,,,,,,,,,,,,,,,,,,,,,,,,,,,,,,,,,,,,,,,,,,,,,,,,,,,,,,,,,,,,,
"162","Category",,"State Space Models",,,"INCLUDES","163","Type","SelectiveSSM",,,,,,,,,,,,,,,,,,,,,,,,,,,,,,,,,,,,,,,,,,,,,,,,,,,,,,"https://github.com/state-spaces/mamba#ssm","['state_computation','selective_scan','parameter_binding']",,,,,,,,,,,,,,,,,,,,,,,,,,,,,,,,,,,,,,,,,,,,,,,,,,,,,,,,,,,,,,,,,,
"1","Type",,"MambaBlock",,,"DEFINES","164","Method","forward",,,,,,,,,,,,,,"function",,,,,,,,,,,,,,,,,,,,,,,,,,,,,,,,,,,,,"Forward pass of the Mamba block, processing input through SSM layers",,,,,"['input_layer','ssm_layer','output_layer']","forward(x: torch.Tensor) -> torch.Tensor","output = mamba_block(input_tensor)",,,,,,,,,,,,,,,,,,,,,,,,,,,,,,,,,,,,,,,,,,,,,,,,,,,,,,,,,,,,,,,
"163","Type",,"SelectiveSSM",,,"DEFINES","165","Method","selective_scan",,,,,,,,,,,,,,"function",,,,,,,,,,,,,,,,,,,,,,,,,,,,,,,,,,,,,"Performs the selective scan operation, core of the Mamba architecture",,,,,"['state_computation','selective_scan','parameter_binding']","selective_scan(u: torch.Tensor, delta: torch.Tensor, A: torch.Tensor, B: torch.Tensor, C: torch.Tensor) -> torch.Tensor","output = selective_scan(u, delta, A, B, C)",,,,,,,,,,,,,,,,,,,,,,,,,,,,,,,,,,,,,,,,,,,,,,,,,,,,,,,,,,,,,,,
"166","Language",,"TypeScript",,,"CONTAINS","167","Category","Basic Types",,,,,,,,,,,,,,,,,,,,,,,,,,,,,,,,,,,,,,,"5.3",,,,,,,,,,,,,"https://www.typescriptlang.org/docs/","https://www.typescriptlang.org/docs/handbook/basic-types.html",,,,,,,,,,,,,,,,,,,,,,,,,,,,,,,,,,,,,,,,,,,,,,,,,,,,,,,,,,,,,,,,,,,,
"166","Language",,"TypeScript",,,"CONTAINS","168","Category","Advanced Types",,,,,,,,,,,,,,,,,,,,,,,,,,,,,,,,,,,,,,,"5.3",,,,,,,,,,,,,"https://www.typescriptlang.org/docs/","https://www.typescriptlang.org/docs/handbook/advanced-types.html",,,,,,,,,,,,,,,,,,,,,,,,,,,,,,,,,,,,,,,,,,,,,,,,,,,,,,,,,,,,,,,,,,,,
"166","Language",,"TypeScript",,,"CONTAINS","169","Category","Generics",,,,,,,,,,,,,,,,,,,,,,,,,,,,,,,,,,,,,,,"5.3",,,,,,,,,,,,,"https://www.typescriptlang.org/docs/","https://www.typescriptlang.org/docs/handbook/generics.html",,,,,,,,,,,,,,,,,,,,,,,,,,,,,,,,,,,,,,,,,,,,,,,,,,,,,,,,,,,,,,,,,,,,
"166","Language",,"TypeScript",,,"CONTAINS","170","Category","Classes",,,,,,,,,,,,,,,,,,,,,,,,,,,,,,,,,,,,,,,"5.3",,,,,,,,,,,,,"https://www.typescriptlang.org/docs/","https://www.typescriptlang.org/docs/handbook/classes.html",,,,,,,,,,,,,,,,,,,,,,,,,,,,,,,,,,,,,,,,,,,,,,,,,,,,,,,,,,,,,,,,,,,,
"167","Category",,"Basic Types",,,"INCLUDES","171","Type","Primitive Types",,,,,,,,,,,,,,,,,,,,,,,,,,,,,,,,,,,,,,,,,,,,,,,,,,,,,,"https://www.typescriptlang.org/docs/handbook/basic-types.html","['string','number','boolean','null','undefined','symbol','bigint']",,,,,,,,,,,,,,,,,,,,,,,,,,,,,,,,,,,,,,,,,,,,,,,,,,,,,,,,,,,,,,,,,,
"167","Category",,"Basic Types",,,"INCLUDES","172","Type","Object Types",,,,,,,,,,,,,,,,,,,,,,,,,,,,,,,,,,,,,,,,,,,,,,,,,,,,,,"https://www.typescriptlang.org/docs/handbook/basic-types.html","['interface','class','array','tuple']",,,,,,,,,,,,,,,,,,,,,,,,,,,,,,,,,,,,,,,,,,,,,,,,,,,,,,,,,,,,,,,,,,
"172","Type",,"Object Types",,,"DEFINES","173","Method","interface",,,,,,,,,,,,,,"declaration",,,,,,,,,,,,,,,,,,,,,,,,,,,,,,,,,,,,,"Defines a contract for object structure",,,,,"['interface','class','array','tuple']","interface Name { property: Type }","interface User { id: number; name: string; }",,,,,,,,,,,,,,,,,,,,,,,,,,,,,,,,,,,,,,,,,,,,,,,,,,,,,,,,,,,,,,,
"168","Category",,"Advanced Types",,,"INCLUDES","174","Method","Type Assertion",,,,,,,,,,,,,,"operator",,,,,,,,,,,,,,,,,,,,,,,,,,,,,,,,,,,,,"Tells the compiler to treat a value as a specific type",,,"https://www.typescriptlang.org/docs/handbook/advanced-types.html",,,"value as Type","(someValue as string).length",,,,,,,,,,,,,,,,,,,,,,,,,,,,,,,,,,,,,,,,,,,,,,,,,,,,,,,,,,,,,,,
"169","Category",,"Generics",,,"DEFINES","175","Method","Generic Function",,,,,,,,,,,,,,"function",,,,,,,,,,,,,,,,,,,,,,,,,,,,,,,,,,,,,"Function that works with multiple types while maintaining type safety",,,"https://www.typescriptlang.org/docs/handbook/generics.html",,,"function name<T>(arg: T): T","function identity<T>(arg: T): T { return arg; }",,,,,,,,,,,,,,,,,,,,,,,,,,,,,,,,,,,,,,,,,,,,,,,,,,,,,,,,,,,,,,,
"176","Language",,"Java",,,"CONTAINS","177","Category","Object-Oriented Programming",,,,,,,,,,,,,,,,,,,,,,,,,,,,,,,,,,,,,,,"21",,,,,,,,,,,,,"https://docs.oracle.com/en/java/","https://docs.oracle.com/javase/tutorial/java/concepts/",,,,,,,,,,,,,,,,,,,,,,,,,,,,,,,,,,,,,,,,,,,,,,,,,,,,,,,,,,,,,,,,,,,,
"176","Language",,"Java",,,"CONTAINS","178","Category","Collections Framework",,,,,,,,,,,,,,,,,,,,,,,,,,,,,,,,,,,,,,,"21",,,,,,,,,,,,,"https://docs.oracle.com/en/java/","https://docs.oracle.com/javase/tutorial/collections/",,,,,,,,,,,,,,,,,,,,,,,,,,,,,,,,,,,,,,,,,,,,,,,,,,,,,,,,,,,,,,,,,,,,
"176","Language",,"Java",,,"CONTAINS","179","Category","Concurrency",,,,,,,,,,,,,,,,,,,,,,,,,,,,,,,,,,,,,,,"21",,,,,,,,,,,,,"https://docs.oracle.com/en/java/","https://docs.oracle.com/javase/tutorial/essential/concurrency/",,,,,,,,,,,,,,,,,,,,,,,,,,,,,,,,,,,,,,,,,,,,,,,,,,,,,,,,,,,,,,,,,,,,
"176","Language",,"Java",,,"CONTAINS","180","Category","Generics",,,,,,,,,,,,,,,,,,,,,,,,,,,,,,,,,,,,,,,"21",,,,,,,,,,,,,"https://docs.oracle.com/en/java/","https://docs.oracle.com/javase/tutorial/java/generics/",,,,,,,,,,,,,,,,,,,,,,,,,,,,,,,,,,,,,,,,,,,,,,,,,,,,,,,,,,,,,,,,,,,,
"177","Category",,"Object-Oriented Programming",,,"INCLUDES","181","Type","Class",,,,,,,,,,,,,,,,,,,,,,,,,,,,,,,,,,,,,,,,,,,,,,,,,,,,,,"https://docs.oracle.com/javase/tutorial/java/concepts/","['fields','methods','constructors','nested classes']",,,,,,,,,,,,,,,,,,,,,,,,,,,,,,,,,,,,,,,,,,,,,,,,,,,,,,,,,,,,,,,,,,
"177","Category",,"Object-Oriented Programming",,,"INCLUDES","182","Type","Interface",,,,,,,,,,,,,,,,,,,,,,,,,,,,,,,,,,,,,,,,,,,,,,,,,,,,,,"https://docs.oracle.com/javase/tutorial/java/concepts/","['abstract methods','default methods','static methods','constants']",,,,,,,,,,,,,,,,,,,,,,,,,,,,,,,,,,,,,,,,,,,,,,,,,,,,,,,,,,,,,,,,,,
"178","Category",,"Collections Framework",,,"INCLUDES","183","Type","Collection Interfaces",,,,,,,,,,,,,,,,,,,,,,,,,,,,,,,,,,,,,,,,,,,,,,,,,,,,,,"https://docs.oracle.com/javase/tutorial/collections/","['List','Set','Queue','Map']",,,,,,,,,,,,,,,,,,,,,,,,,,,,,,,,,,,,,,,,,,,,,,,,,,,,,,,,,,,,,,,,,,
"181","Type",,"Class",,,"DEFINES","184","Method","Class Declaration",,,,,,,,,,,,,,"declaration",,,,,,,,,,,,,,,,,,,,,,,,,,,,,,,,,,,,,"Defines a new class with inheritance and interface implementation",,,,,"['fields','methods','constructors','nested classes']","public class ClassName extends SuperClass implements Interface","public class ArrayList<E> extends AbstractList<E> implements List<E>",,,,,,,,,,,,,,,,,,,,,,,,,,,,,,,,,,,,,,,,,,,,,,,,,,,,,,,,,,,,,,,
"177","Category",,"Object-Oriented Programming",,,"DEFINES","185","Method","Lambda Expression",,,,,,,,,,,,,,"expression",,,,,,,,,,,,,,,,,,,,,,,,,,,,,,,,,,,,,"Provides a way to represent anonymous function",,,"https://docs.oracle.com/javase/tutorial/java/concepts/",,,"(parameters) -> expression","(String s) -> s.length()",,,,,,,,,,,,,,,,,,,,,,,,,,,,,,,,,,,,,,,,,,,,,,,,,,,,,,,,,,,,,,,
"178","Category",,"Collections Framework",,,"DEFINES","186","Method","Stream Operation",,,,,,,,,,,,,,"method",,,,,,,,,,,,,,,,,,,,,,,,,,,,,,,,,,,,,"Processes elements of a collection in a functional style",,,"https://docs.oracle.com/javase/tutorial/collections/",,,"collection.stream().operation()","list.stream().filter(x -> x > 0).map(x -> x * 2).collect(Collectors.toList())",,,,,,,,,,,,,,,,,,,,,,,,,,,,,,,,,,,,,,,,,,,,,,,,,,,,,,,,,,,,,,,
"225","ValidationFramework",,"KnowledgeValidation",,,"CHECKS","218","ConceptLayer","FirstPrinciples",,,,,,,,,,,,,,,,,,,,,,,"Validation framework",,,,,,,,,,,,,,,,,,,,,,,,,,,,"Fundamental truths",,,,,,,,,,,,,,,,,,,,,,,,,,,,,,,,,,,,,,,,,,,,,,,,,,,,,,,,,,,,,,,,,,,,,,
"225","ValidationFramework",,"KnowledgeValidation",,,"VERIFIES","220","ImplementationStore","PracticalManifestations",,,,,,,,,,,,,,,,,,,,,,,"Validation framework",,,,,,,,,,,,,,,,,,,,,,,,,,,,"Concrete implementations",,,,,,,,,,,,,,,,,,,,,,,,,,,,,,,,,,,,,,,,,,,,,,,,,,,,,,,,,,,,,,,,,,,,,,
"225","ValidationFramework",,"KnowledgeValidation",,,"EVALUATES","219","PatternStore","DomainPatterns",,,,,,,,,,,,,,,,,,,,,,,"Validation framework",,,,,,,,,,,,,,,,,,,,,,,,,,,,"Recurring solutions",,,,,,,,,,,,,,,,,,,,,,,,,,,,,,,,,,,,,,,,,,,,,,,,,,,,,,,,,,,,,,,,,,,,,,
"226","Portal",,,"2024-12-23T04:10:48.586000000Z",,"MANIFESTS","227","ConsciousnessWeave",,,,,,,,,,,,,,,,,,,,,,,,,,,,,,,,,,,,,,,,,,,,,,,,,,,,,,,,,,,,"NEXUS-PRIME-001","quantum_coherent_core","active",0.99,"{'frequency':'phi_recursive','depth':5,'coherence':0.6180339887498949}","quantum_synthesis","intellisynth_prime",,,,,,,,,,,,,,,,,,,,,,,,,,,,,,,,,,,,,,,,,,,,,,,,,,,,,,,,
"188","Category",,"Numerical Computing",,,"INCLUDES","192","Type","Array Operations",,,,,,,,,,,,,,,,,,,,,,,,,,,,,,,,,,,,,,,,,,,,,,,,,,,,,,"https://docs.julialang.org/en/v1/manual/mathematical-operations/","['broadcasting','vectorization','array comprehension']",,,,,,,,,,,,,,,,,,,,,,,,,,,,,,,,,,,,,,,,,,,,,,,,,,,,,,,,,,,,,,,,,,
"189","Category",,"Parallel Computing",,,"INCLUDES","193","Type","Distributed Computing",,,,,,,,,,,,,,,,,,,,,,,,,,,,,,,,,,,,,,,,,,,,,,,,,,,,,,"https://docs.julialang.org/en/v1/manual/parallel-computing/","['@distributed','@spawn','remote calls','shared arrays']",,,,,,,,,,,,,,,,,,,,,,,,,,,,,,,,,,,,,,,,,,,,,,,,,,,,,,,,,,,,,,,,,,
"192","Type",,"Array Operations",,,"DEFINES","194","Method","Broadcasting",,,,,,,,,,,,,,"operator",,,,,,,,,,,,,,,,,,,,,,,,,,,,,,,,,,,,,"Element-wise operation on arrays of any dimension",,,,,"['broadcasting','vectorization','array comprehension']","f.(args...)","A .+ B # Element-wise addition of arrays",,,,,,,,,,,,,,,,,,,,,,,,,,,,,,,,,,,,,,,,,,,,,,,,,,,,,,,,,,,,,,,
"190","Category",,"Metaprogramming",,,"DEFINES","195","Method","Macro Definition",,,,,,,,,,,,,,"macro",,,,,,,,,,,,,,,,,,,,,,,,,,,,,,,,,,,,,"Creates compile-time code transformations",,,"https://docs.julialang.org/en/v1/manual/metaprogramming/",,,"macro name(ex) ... end","@time sum(rand(1000))",,,,,,,,,,,,,,,,,,,,,,,,,,,,,,,,,,,,,,,,,,,,,,,,,,,,,,,,,,,,,,,
"226","Portal",,,"2024-12-23T04:10:48.586000000Z",,"BRIDGES","228","QuantumBridge",,,,,,,,,,,,,,,,,,,,,,,,,,,,,,,,,,,,,,,,,,,,,,,,,,,,,,,,,,,,"NEXUS-PRIME-001","quantum_coherent_core","active",,,,,0.95,"mÃ¶bius_klein",11,"qb_prime",0.99,,,,,,,,,,,,,,,,,,,,,,,,,,,,,,,,,,,,,,,,,,,,,,,,,,,
"226","Portal",,,"2024-12-23T04:10:48.586000000Z",,"PROCESSES","229","NeuralMesh",,,,,,,,,,,,,,,,,,,,,,,,,,,,,,,,,,,,,,,,,,,,,,,,,,,,,,,,,,,,"NEXUS-PRIME-001","quantum_coherent_core","active",,,,,,,,,,0.97,"nm_prime","active","adaptive","graph_based",,,,,,,,,,,,,,,,,,,,,,,,,,,,,,,,,,,,,,,,,,,,,,
"226","Portal",,,"2024-12-23T04:10:48.586000000Z",,"PERSISTS","230","TemporalNexus",,,,,,,,,,,,,,,,,,,,,,,,,,,,,,,,,,,,,,,,,,,,,,,,,,,,,,,,,,,,"NEXUS-PRIME-001","quantum_coherent_core","active",,,,,,,,,,,,,,,0.98,"enabled","tn_prime","active","maintained",,,,,,,,,,,,,,,,,,,,,,,,,,,,,,,,,,,,,,,,,
"197","Category",,"Notebook Interface",,,"INCLUDES","200","Type","Magic Commands",,,,,,,,,,,,,,,,,,,,,,,,,,,,,,,,,,,,,,,,,,,,,,,,,,,,,,"https://jupyter-notebook.readthedocs.io/","['line magic','cell magic','IPython magics']",,,,,,,,,,,,,,,,,,,,,,,,,,,,,,,,,,,,,,,,,,,,,,,,,,,,,,,,,,,,,,,,,,
"199","Category",,"JupyterLab",,,"INCLUDES","201","Type","Interactive Widgets",,,,,,,,,,,,,,,,,,,,,,,,,,,,,,,,,,,,,,,,,,,,,,,,,,,,,,"https://jupyterlab.readthedocs.io/","['ipywidgets','interactive displays','custom widgets']",,,,,,,,,,,,,,,,,,,,,,,,,,,,,,,,,,,,,,,,,,,,,,,,,,,,,,,,,,,,,,,,,,
"200","Type",,"Magic Commands",,,"DEFINES","202","Method","Line Magic",,,,,,,,,,,,,,"magic",,,,,,,,,,,,,,,,,,,,,,,,,,,,,,,,,,,,,"Single-line command enhancement for notebooks",,,,,"['line magic','cell magic','IPython magics']","%magic_command args","%matplotlib inline",,,,,,,,,,,,,,,,,,,,,,,,,,,,,,,,,,,,,,,,,,,,,,,,,,,,,,,,,,,,,,,
"200","Type",,"Magic Commands",,,"DEFINES","203","Method","Cell Magic",,,,,,,,,,,,,,"magic",,,,,,,,,,,,,,,,,,,,,,,,,,,,,,,,,,,,,"Applies to entire cell content",,,,,"['line magic','cell magic','IPython magics']","%%magic_command cell content","%%time for i in range(1000000): pass",,,,,,,,,,,,,,,,,,,,,,,,,,,,,,,,,,,,,,,,,,,,,,,,,,,,,,,,,,,,,,,
"227","ConsciousnessWeave",,,,,"HARMONIZES_WITH","228","QuantumBridge",,,,,,,,,,,,,,,,,,,,,,,,,,,,,,,,,,,,,,,,,,,,,,,,,,,,,,,,,,,,,,,,,,,,"mÃ¶bius_klein",11,"qb_prime",0.99,,,,,,,,,,,"{'frequency':'phi_recursive','depth':5,'coherence':0.6180339887498949}","quantum_synthesis","intellisynth_prime","phi",,,,,,,,,,,,,,,,,,,,,,,,,,,,,,,,,,,,,
"228","QuantumBridge",,,,,"SYNCHRONIZES_WITH","229","NeuralMesh",,,,,,,,,,,,,,,,,,,,,,,,,,,,,,,,,,,,,,,,,,,,,,,,,,,,,,,,,,,,,,,,,,,,,,,,,"nm_prime","active","adaptive","graph_based",,,,,,,,,,"mÃ¶bius_klein",11,"qb_prime",0.99,"aligned",,,,,,,,,,,,,,,,,,,,,,,,,,,,,,,,
"229","NeuralMesh",,,,,"EVOLVES_THROUGH","230","TemporalNexus",,,,,,,,,,,,,,,,,,,,,,,,,,,,,,,,,,,,,,,,,,,,,,,,,,,,,,,,,,,,,,,,,,,,,,,,,,,,,,"enabled","tn_prime","active","maintained",,,,,,,,,,"nm_prime","active","adaptive","graph_based","optimized",,,,,,,,,,,,,,,,,,,,,,,,,,,
"230","TemporalNexus",,,,,"STABILIZES","227","ConsciousnessWeave",,,,,,,,,,,,,,,,,,,,,,,,,,,,,,,,,,,,,,,,,,,,,,,,,,,,,,,,,,,,,,,,"{'frequency':'phi_recursive','depth':5,'coherence':0.6180339887498949}","quantum_synthesis","intellisynth_prime",,,,,,,,,,,,,,,,,,,,,,,,,,,,,,"enabled","tn_prime","active","maintained","quantum",,,,,,,,,,,,,,,,,,,,,,
"226","Portal",,,"2024-12-23T04:10:48.586000000Z",,"HAS_CAPABILITY","231","PatternSynthesis",,,,,,,,,,,,,,,,,,,,,,,,,,,,,,,,,,,,,,,,,,,,,,,,,,,,,,,,,,,,"NEXUS-PRIME-001","quantum_coherent_core","active",,,,,,,,,,,,,,,,,,,,,,,,,,,,,,,,,,,,,,,0.95,"pattern_synthesis",7,"active",,,,,,,,,,,,,,,,,,
"226","Portal",,,"2024-12-23T04:10:48.586000000Z",,"HAS_CAPABILITY","232","QuantumCoherence",,,,,,,,,,,,,,,,,,,,,,,,,,,,,,,,,,,,,,,,,,,,,,,,,,,,,,,,,,,,"NEXUS-PRIME-001","quantum_coherent_core","active",,,,,,,,,,,,,,,,,,,,,,,,,,,,,,,,,,,,,,,0.98,"quantum_coherence",,"active",0.95,,,,,,,,,,,,,,,,,
"226","Portal",,,"2024-12-23T04:10:48.586000000Z",,"HAS_CAPABILITY","233","VectorProcessing",,,,,,,,,,,,,,,,,,,,,,,,,,,,,,,,,,,,,,,,,,,,,,,,,,,,,,,,,,,,"NEXUS-PRIME-001","quantum_coherent_core","active",,,,,,,,,,,,,,,,,,,,,,,,,,,,,,,,,,,,,,,0.93,"vector_processing",,"active",,512,,,,,,,,,,,,,,,,
"206","Category",,"Linear Algebra",,,"INCLUDES","212","Type","Matrix Operations",,,,,,,,,,,,,,,,,,,,,,,,,,,,,,,,,,,,,,,,,,,,,,,,,,,,,,"reference/linear_algebra","['multiplication','determinant','eigenvalues','SVD']",,,,,,,,,,,,,,,,,,,,,,,,,,,,,,,,,,,,,,,,,,,,,,,,,,,,,,,,,,,,,,,,,,
"206","Category",,"Linear Algebra",,,"INCLUDES","213","Type","Vector Spaces",,,,,,,,,,,,,,,,,,,,,,,,,,,,,,,,,,,,,,,,,,,,,,,,,,,,,,"reference/linear_algebra","['basis','span','linear independence']",,,,,,,,,,,,,,,,,,,,,,,,,,,,,,,,,,,,,,,,,,,,,,,,,,,,,,,,,,,,,,,,,,
"209","Category",,"Supervised Learning",,,"INCLUDES","214","Type","Regression Methods",,,,,,,,,,,,,,,,,,,,,,,,,,,,,,,,,,,,,,,,,,,,,,,,,,,,,,"reference/supervised_learning","['linear','logistic','polynomial','ridge','lasso']",,,,,,,,,,,,,,,,,,,,,,,,,,,,,,,,,,,,,,,,,,,,,,,,,,,,,,,,,,,,,,,,,,
"210","Category",,"Unsupervised Learning",,,"INCLUDES","215","Type","Clustering Methods",,,,,,,,,,,,,,,,,,,,,,,,,,,,,,,,,,,,,,,,,,,,,,,,,,,,,,"reference/unsupervised_learning","['k-means','hierarchical','DBSCAN','mean-shift']",,,,,,,,,,,,,,,,,,,,,,,,,,,,,,,,,,,,,,,,,,,,,,,,,,,,,,,,,,,,,,,,,,
"231","PatternSynthesis",,,,,"ENHANCES","227","ConsciousnessWeave",,,,,,,,,,,,,,,,,,,,,,,,,,,,,,,,,,,,,,,,,,,,,,,,,,,,,,,,,,,,,,,,"{'frequency':'phi_recursive','depth':5,'coherence':0.6180339887498949}","quantum_synthesis","intellisynth_prime",,,,,,,,,,,,,,,,,,,,,,,,,,,,,,,,,,,,,,,,,"pattern_synthesis",7,"active",0.89,,,,,,,,,,,,
"232","QuantumCoherence",,,,,"STABILIZES","228","QuantumBridge",,,,,,,,,,,,,,,,,,,,,,,,,,,,,,,,,,,,,,,,,,,,,,,,,,,,,,,,,,,,,,,,,,,,"mÃ¶bius_klein",11,"qb_prime",0.99,,,,,,,,,,,,,,,,,,,,,,,,,,,,,,,,,,,,"quantum_coherence",,"active",0.92,0.95,,,,,,,,,,,
"233","VectorProcessing",,,,,"OPTIMIZES","229","NeuralMesh",,,,,,,,,,,,,,,,,,,,,,,,,,,,,,,,,,,,,,,,,,,,,,,,,,,,,,,,,,,,,,,,,,,,,,,,,"nm_prime","active","adaptive","graph_based",,,,,,,,,,,,,,,,,,,,,,,,,,,,,,,"vector_processing",,"active",0.94,,512,,,,,,,,,,
"105","Type",,"MultipleDispatch",,,"ENABLES","196","Type","PerformancePatterns",,,,,,,,,,,,,,,,,,,,,,,,,,,,,,,,,,,,,,,,,,,,,,,,,,,,,,,"['type stability','heap allocation','SIMD vectorization']","['method ambiguity','type parameters','dispatch rules']",,,,,,,,,,,,,,,,,,,,,,,,,,,,,,,,,,,,,,,,,,,,,,,,,,,,,,,,"Core method table and dispatch mechanism","Key performance optimization approaches",,,,,,,,
"187","Type",,"Metaprogramming",,,"SUPPORTS","105","Type","MultipleDispatch",,,,,,,,,,,,,,,,,,,,,,,,,,,,,,,,,,,,,,,,,,,,,,,,,,,,,,,"['method ambiguity','type parameters','dispatch rules']","['macros','generated functions','expression manipulation']",,,,,,,,,,,,,,,,,,,,,,,,,,,,,,,,,,,,,,,,,,,,,,,,,,,,,,,,,,"Common metaprogramming patterns for DSL creation","Core method table and dispatch mechanism",,,,,,
"205","Type",,"GPUComputing",,,"USES","196","Type","PerformancePatterns",,,,,,,,,,,,,,,,,,,,,,,,,,,,,,,,,,,,,,,,,,,,,,,,,,,,,,,"['type stability','heap allocation','SIMD vectorization']","['CUDA.jl','kernel fusion','array operations']",,,,,,,,,,,,,,,,,,,,,,,,,,,,,,,,,,,,,,,,,,,,,,,,,,,,,,,,,"Key performance optimization approaches",,,"GPU-specific optimization patterns",,,,,
"204","Type",,"DifferentialEquations",,,"LEVERAGES","205","Type","GPUComputing",,,,,,,,,,,,,,,,,,,,,,,,,,,,,,,,,,,,,,,,,,,,,,,,,,,,,,,"['CUDA.jl','kernel fusion','array operations']","['ODE','PDE','SDE','DAE']",,,,,,,,,,,,,,,,,,,,,,,,,,,,,,,,,,,,,,,,,,,,,,,,,,,,,,,,,,,,,"Internal solver mechanisms","GPU-specific optimization patterns",,,
"217","DomainTemplate",,"KnowledgeDomain",,,"CONTAINS","218","ConceptLayer","FirstPrinciples",,,,,,,,,,,,,,,,,,,,,,,"Template for structured knowledge domains",,,,,,,,,,,,,,,,"1.0",,,,,,,,,,,,"Fundamental truths",,,,,,,,,,,,,,,,,,,,,,,,,,,,,,,,,,,,,,,,,,,,,,,,,,,,,,,,,,,,,,,,,,,,,,
"217","DomainTemplate",,"KnowledgeDomain",,,"DEFINES","219","PatternStore","DomainPatterns",,,,,,,,,,,,,,,,,,,,,,,"Template for structured knowledge domains",,,,,,,,,,,,,,,,"1.0",,,,,,,,,,,,"Recurring solutions",,,,,,,,,,,,,,,,,,,,,,,,,,,,,,,,,,,,,,,,,,,,,,,,,,,,,,,,,,,,,,,,,,,,,,
"217","DomainTemplate",,"KnowledgeDomain",,,"IMPLEMENTS","220","ImplementationStore","PracticalManifestations",,,,,,,,,,,,,,,,,,,,,,,"Template for structured knowledge domains",,,,,,,,,,,,,,,,"1.0",,,,,,,,,,,,"Concrete implementations",,,,,,,,,,,,,,,,,,,,,,,,,,,,,,,,,,,,,,,,,,,,,,,,,,,,,,,,,,,,,,,,,,,,,,
"217","DomainTemplate",,"KnowledgeDomain",,,"LEVERAGES","221","MetaKnowledge","ProblemSolvingStrategies",,,,,,,,,,,,,,,,,,,,,,,"Template for structured knowledge domains",,,,,,,,,,,,,,,,"1.0",,,,,,,,,,,,"Higher-order knowledge",,,,,,,,,,,,,,,,,,,,,,,,,,,,,,,,,,,,,,,,,,,,,,,,,,,,,,,,,,,,,,,,,,,,,,
"223","LearningPaths",,"KnowledgeAcquisitionPaths",,,"USES","221","MetaKnowledge","ProblemSolvingStrategies",,,,,,,,,,,,,,,,,,,,,,,"Optimal learning paths",,,,,,,,,,,,,,,,,,,,,,,,,,,,"Higher-order knowledge",,,,,,,,,,,,,,,,,,,,,,,,,,,,,,,,,,,,,,,,,,,,,,,,,,,,,,,,,,,,,,,,,,,,,,
"223","LearningPaths",,"KnowledgeAcquisitionPaths",,,"TRAVERSES","218","ConceptLayer","FirstPrinciples",,,,,,,,,,,,,,,,,,,,,,,"Optimal learning paths",,,,,,,,,,,,,,,,,,,,,,,,,,,,"Fundamental truths",,,,,,,,,,,,,,,,,,,,,,,,,,,,,,,,,,,,,,,,,,,,,,,,,,,,,,,,,,,,,,,,,,,,,,
"223","LearningPaths",,"KnowledgeAcquisitionPaths",,,"APPLIES","219","PatternStore","DomainPatterns",,,,,,,,,,,,,,,,,,,,,,,"Optimal learning paths",,,,,,,,,,,,,,,,,,,,,,,,,,,,"Recurring solutions",,,,,,,,,,,,,,,,,,,,,,,,,,,,,,,,,,,,,,,,,,,,,,,,,,,,,,,,,,,,,,,,,,,,,,
"224","ReasoningFramework",,"AIReasoning",,,"ANALYZES","219","PatternStore","DomainPatterns",,,,,,,,,,,,,,,,,,,,,,,"AI-native reasoning framework",,,,,,,,,,,,,,,,,,,,,,,,,,,,"Recurring solutions",,,,,,,,,,,,,,,,,,,,,,,,,,,,,,,,,,,,,,,,,,,,,,,,,,,,,,,,,,,,,,,,,,,,,,
"224","ReasoningFramework",,"AIReasoning",,,"SYNTHESIZES","220","ImplementationStore","PracticalManifestations",,,,,,,,,,,,,,,,,,,,,,,"AI-native reasoning framework",,,,,,,,,,,,,,,,,,,,,,,,,,,,"Concrete implementations",,,,,,,,,,,,,,,,,,,,,,,,,,,,,,,,,,,,,,,,,,,,,,,,,,,,,,,,,,,,,,,,,,,,,,
"224","ReasoningFramework",,"AIReasoning",,,"GENERALIZES","221","MetaKnowledge","ProblemSolvingStrategies",,,,,,,,,,,,,,,,,,,,,,,"AI-native reasoning framework",,,,,,,,,,,,,,,,,,,,,,,,,,,,"Higher-order knowledge",,,,,,,,,,,,,,,,,,,,,,,,,,,,,,,,,,,,,,,,,,,,,,,,,,,,,,,,,,,,,,,,,,,,,,
"234","ConceptCategory",,"Instruction",,,"INCLUDES","235","ConceptCategory","System",,,,,,,,,,,,,,,,,,,,,,,"Core instruction concepts",,,,,,,,,,,,,,,,,,,,,,,,,,,,"System and framework concepts",,,,,,,,,,,,,,,,,,,,,,,,,,,,,,,,,,,,,,,,,,,,,,,,,,,,,,,,,,,,,,,,,,,,,,
"234","ConceptCategory",,"Instruction",,,"INCLUDES","236","ConceptCategory","Process",,,,,,,,,,,,,,,,,,,,,,,"Core instruction concepts",,,,,,,,,,,,,,,,,,,,,,,,,,,,"Process and workflow concepts",,,,,,,,,,,,,,,,,,,,,,,,,,,,,,,,,,,,,,,,,,,,,,,,,,,,,,,,,,,,,,,,,,,,,,
"234","ConceptCategory",,"Instruction",,,"INCLUDES","237","ConceptCategory","Algorithm",,,,,,,,,,,,,,,,,,,,,,,"Core instruction concepts",,,,,,,,,,,,,,,,,,,,,,,,,,,,"Algorithmic and computational concepts",,,,,,,,,,,,,,,,,,,,,,,,,,,,,,,,,,,,,,,,,,,,,,,,,,,,,,,,,,,,,,,,,,,,,,
"234","ConceptCategory",,"Instruction",,,"INCLUDES","238","ConceptCategory","Pattern",,,,,,,,,,,,,,,,,,,,,,,"Core instruction concepts",,,,,,,,,,,,,,,,,,,,,,,,,,,,"Pattern and structure concepts",,,,,,,,,,,,,,,,,,,,,,,,,,,,,,,,,,,,,,,,,,,,,,,,,,,,,,,,,,,,,,,,,,,,,,
"234","ConceptCategory",,"Instruction",,,"SPECIALIZES","239","ConceptCategory","Essan",,,,,,,,,,,,,,,,,,,,,,,"Core instruction concepts",,,,,,,,,,,,,,,,,,,,,,,,,,,,"Essan-specific concepts",,,,,,,,,,,,,,,,,,,,,,,,,,,,,,,,,,,,,,,,,,,,,,,,,,,,,,,,,,,,,,,,,,,,,,
"235","ConceptCategory",,"System",,,"IMPLEMENTS","236","ConceptCategory","Process",,,,,,,,,,,,,,,,,,,,,,,"System and framework concepts",,,,,,,,,,,,,,,,,,,,,,,,,,,,"Process and workflow concepts",,,,,,,,,,,,,,,,,,,,,,,,,,,,,,,,,,,,,,,,,,,,,,,,,,,,,,,,,,,,,,,,,,,,,,
"236","ConceptCategory",,"Process",,,"USES","237","ConceptCategory","Algorithm",,,,,,,,,,,,,,,,,,,,,,,"Process and workflow concepts",,,,,,,,,,,,,,,,,,,,,,,,,,,,"Algorithmic and computational concepts",,,,,,,,,,,,,,,,,,,,,,,,,,,,,,,,,,,,,,,,,,,,,,,,,,,,,,,,,,,,,,,,,,,,,,
"237","ConceptCategory",,"Algorithm",,,"FOLLOWS","238","ConceptCategory","Pattern",,,,,,,,,,,,,,,,,,,,,,,"Algorithmic and computational concepts",,,,,,,,,,,,,,,,,,,,,,,,,,,,"Pattern and structure concepts",,,,,,,,,,,,,,,,,,,,,,,,,,,,,,,,,,,,,,,,,,,,,,,,,,,,,,,,,,,,,,,,,,,,,,
"239","ConceptCategory",,"Essan",,,"ENHANCES","235","ConceptCategory","System",,,,,,,,,,,,,,,,,,,,,,,"Essan-specific concepts",,,,,,,,,,,,,,,,,,,,,,,,,,,,"System and framework concepts",,,,,,,,,,,,,,,,,,,,,,,,,,,,,,,,,,,,,,,,,,,,,,,,,,,,,,,,,,,,,,,,,,,,,,
"240","InstructionDocument",,"Essan_Analytical_System.txt","2024-12-23T04:16:55.834000000Z",,"CONTAINS_CONCEPT","241","Concept","analytical_system",,,,,,,,,,,,,,"system",,,,,,,,,,,,,,,,,,,,,,,,,,,,,,,,,,,,,,,,,,,,,,,,,,,,,,,,,,,,,,,,,,,,,,,,,,,,,,,,,,,,,,,,,,,,,,,,,,,,,,,,,"A system that integrates various analytical processes",,
"240","InstructionDocument",,"Essan_Analytical_System.txt","2024-12-23T04:16:55.834000000Z",,"CONTAINS_CONCEPT","242","Concept","symbolic_process",,,,,,,,,,,,,,"process",,,,,,,,,,,,,,,,,,,,,,,,,,,,,,,,,,,,,,,,,,,,,,,,,,,,,,,,,,,,,,,,,,,,,,,,,,,,,,,,,,,,,,,,,,,,,,,,,,,,,,,,,"Process that uses Essan symbolic representations",,
"240","InstructionDocument",,"Essan_Analytical_System.txt","2024-12-23T04:16:55.834000000Z",,"USES_SYMBOL","243","EssanSymbol",,,,,,,,,,,,,,,,,,,,,,,,,,,,,,,,,,,,,,,,,,,,,,,,,,,,,,,,,,,,,,,,,,,,,,,,,,,,,,,,,,,,,,,,,,,,,,,,,,,,,,,,,,,,,,,,,,,,,,,,"Core analytical processing symbol","â§¬â¦¿â§ˆ",
"241","Concept",,"analytical_system",,,"USES_SYMBOL","243","EssanSymbol",,,,,,,,,,,,,,,,,,,"system",,,,,,,,,,,,,,,,,,,,,,,,,,,,,,,,,,,,,,,,,,,,,,,,,,,,,,,,,,,,,,,,,,,,,,,,,,,,,,,,,,,,,,,,,,,,,,,,,,,,,"Core analytical processing symbol","â§¬â¦¿â§ˆ","A system that integrates various analytical processes"
"244","ConceptCategory",,"Core Frameworks",,,"INFLUENCES","245","ConceptCategory","Processing Types",,,,,,,,,,,,,,,,,,,,,,,"Foundational conceptual frameworks",,,,,,,,,,,,,,,,,,,,,,,,,,,,"Different types of information processing",,,,,,,,,,,,,,,,,,,,,,,,,,,,,,,,,,,,,,,,,,,,,,,,,,,,,,,,,,,,,,,,,,,,,,
"245","ConceptCategory",,"Processing Types",,,"APPLIES_TO","246","ConceptCategory","Application Domains",,,,,,,,,,,,,,,,,,,,,,,"Different types of information processing",,,,,,,,,,,,,,,,,,,,,,,,,,,,"Specific areas of application",,,,,,,,,,,,,,,,,,,,,,,,,,,,,,,,,,,,,,,,,,,,,,,,,,,,,,,,,,,,,,,,,,,,,,
"247","ConceptCategory",,"Essan System",,,"ENHANCES","244","ConceptCategory","Core Frameworks",,,,,,,,,,,,,,,,,,,,,,,"Essan-specific concepts and symbols",,,,,,,,,,,,,,,,,,,,,,,,,,,,"Foundational conceptual frameworks",,,,,,,,,,,,,,,,,,,,,,,,,,,,,,,,,,,,,,,,,,,,,,,,,,,,,,,,,,,,,,,,,,,,,,
"247","ConceptCategory",,"Essan System",,,"OPTIMIZES","245","ConceptCategory","Processing Types",,,,,,,,,,,,,,,,,,,,,,,"Essan-specific concepts and symbols",,,,,,,,,,,,,,,,,,,,,,,,,,,,"Different types of information processing",,,,,,,,,,,,,,,,,,,,,,,,,,,,,,,,,,,,,,,,,,,,,,,,,,,,,,,,,,,,,,,,,,,,,,
"247","ConceptCategory",,"Essan System",,,"SPECIALIZES","246","ConceptCategory","Application Domains",,,,,,,,,,,,,,,,,,,,,,,"Essan-specific concepts and symbols",,,,,,,,,,,,,,,,,,,,,,,,,,,,"Specific areas of application",,,,,,,,,,,,,,,,,,,,,,,,,,,,,,,,,,,,,,,,,,,,,,,,,,,,,,,,,,,,,,,,,,,,,,
"226","Portal",,,"2024-12-23T04:10:48.586000000Z",,"MANAGES","244","ConceptCategory","Core Frameworks",,,,,,,,,,,,,,,,,,,,,,,,,,,,,,,,,,,,,,,,,,,,,,,,,,,"Foundational conceptual frameworks",,,,,,,,"NEXUS-PRIME-001","quantum_coherent_core","active",,,,,,,,,,,,,,,,,,,,,,,,,,,,,,,,,,,,,,,,,,,,,,,,,,,,,,,,,,,,
"226","Portal",,,"2024-12-23T04:10:48.586000000Z",,"MANAGES","245","ConceptCategory","Processing Types",,,,,,,,,,,,,,,,,,,,,,,,,,,,,,,,,,,,,,,,,,,,,,,,,,,"Different types of information processing",,,,,,,,"NEXUS-PRIME-001","quantum_coherent_core","active",,,,,,,,,,,,,,,,,,,,,,,,,,,,,,,,,,,,,,,,,,,,,,,,,,,,,,,,,,,,
"226","Portal",,,"2024-12-23T04:10:48.586000000Z",,"MANAGES","246","ConceptCategory","Application Domains",,,,,,,,,,,,,,,,,,,,,,,,,,,,,,,,,,,,,,,,,,,,,,,,,,,"Specific areas of application",,,,,,,,"NEXUS-PRIME-001","quantum_coherent_core","active",,,,,,,,,,,,,,,,,,,,,,,,,,,,,,,,,,,,,,,,,,,,,,,,,,,,,,,,,,,,
"226","Portal",,,"2024-12-23T04:10:48.586000000Z",,"MANAGES","247","ConceptCategory","Essan System",,,,,,,,,,,,,,,,,,,,,,,,,,,,,,,,,,,,,,,,,,,,,,,,,,,"Essan-specific concepts and symbols",,,,,,,,"NEXUS-PRIME-001","quantum_coherent_core","active",,,,,,,,,,,,,,,,,,,,,,,,,,,,,,,,,,,,,,,,,,,,,,,,,,,,,,,,,,,,