"~id","~labels","name","url","includes","environment","created_at","status","role","memory","gpu","completed_at","started_at","priority","purpose","type","path","level","pattern","description","content","pattern_type","query","metric_type","file_path","latest_version","paths","release","base_url","version","root_path","functionalities","transformations","selectors","implementation_details","scraper_path","base","base_path","version_pattern","build_command","source_url","doc_url","signature","example","key_patterns","optimization_techniques","solver_implementations","optimization_strategies","portal_id","portal_type","activation_state","neural_harmonics","pattern_essence","weave_id","entanglement_pattern","dimension_depth","bridge_id","coherence_level","mesh_id","pattern_synthesis","learning_rate","substrate","evolution_tracking","nexus_id","state_persistence","causality","capability","depth","state","threshold","dimensions","context","symbol","symbol_count","content_length"
"0","Category","Selective Mechanisms","https://github.com/state-spaces/mamba#selective",,,,,,,,,,,,,,,,,,,,,,,,,,,,,,,,,,,,,,,,,,,,,,,,,,,,,,,,,,,,,,,,,,,,,,,
"1","Type","MambaBlock",,"['input_layer','ssm_layer','output_layer']",,,,,,,,,,,,,,,,,,,,,,,,,,,,,,,,,,,,,,,,,,,,,,,,,,,,,,,,,,,,,,,,,,,,,,
"2","Project","Dual-Agent Development Framework",,,"Windows Home, 12GB 3060 GPU, 64GB RAM","2024-12-22T21:12:46.332000000Z","ACTIVE",,,,,,,,,,,,,,,,,,,,,,,,,,,,,,,,,,,,,,,,,,,,,,,,,,,,,,,,,,,,,,,,,,,
"3","Agent","Agent A",,,,,"ACTIVE","PRIMARY","32GB","6GB",,,,,,,,,,,,,,,,,,,,,,,,,,,,,,,,,,,,,,,,,,,,,,,,,,,,,,,,,,,,,,,,
"4","Agent","Agent B",,,,,"ACTIVE","SECONDARY","32GB","6GB",,,,,,,,,,,,,,,,,,,,,,,,,,,,,,,,,,,,,,,,,,,,,,,,,,,,,,,,,,,,,,,,
"5","Agent","Agent_A",,,,,"active","Project Lead","64GB","3060 12GB",,,,,,,,,,,,,,,,,,,,,,,,,,,,,,,,,,,,,,,,,,,,,,,,,,,,,,,,,,,,,,,,
"6","Agent","Agent_B",,,,,"standby","Support",,,,,,,,,,,,,,,,,,,,,,,,,,,,,,,,,,,,,,,,,,,,,,,,,,,,,,,,,,,,,,,,,,
"7","Project","Code Generation",,,"Windows Home","2024-12-22T19:15:43.901000000Z","in_progress",,,,,,,,,,,,,,,,,,,,,,,,,,,,,,,,,,,,,,,,,,,,,,,,,,,,,,,,,,,,,,,,,,,
"8","Task","Implement Feature",,,,,"complete",,,,"2024-12-22T19:15:54.647000000Z","2024-12-22T19:15:43.901000000Z","high",,,,,,,,,,,,,,,,,,,,,,,,,,,,,,,,,,,,,,,,,,,,,,,,,,,,,,,,,,,,,
"9","Tool","o1-preview",,,,,,,,,,,,"synergistic thinking","AI Model",,,,,,,,,,,,,,,,,,,,,,,,,,,,,,,,,,,,,,,,,,,,,,,,,,,,,,,,,,,
"10","Tool","o1-mini",,,,,,,,,,,,"code generation","AI Model",,,,,,,,,,,,,,,,,,,,,,,,,,,,,,,,,,,,,,,,,,,,,,,,,,,,,,,,,,,
"11","Artifact","Generated Code",,,,,"ready_for_review",,,,"2024-12-22T19:15:54.647000000Z",,,,"source_code",,,,,,,,,,,,,,,,,,,,,,,,,,,,,,,,,,,,,,,,,,,,,,,,,,,,,,,,,,,
"12","Task","Initialization",,,,,"PENDING",,,,,,"HIGH",,,,,,,,,,,,,,,,,,,,,,,,,,,,,,,,,,,,,,,,,,,,,,,,,,,,,,,,,,,,,
"13","Task","Requirements & Planning",,,,,"PENDING",,,,,,"HIGH",,,,,,,,,,,,,,,,,,,,,,,,,,,,,,,,,,,,,,,,,,,,,,,,,,,,,,,,,,,,,
"14","Task","Architecture & Design",,,,,"PENDING",,,,,,"HIGH",,,,,,,,,,,,,,,,,,,,,,,,,,,,,,,,,,,,,,,,,,,,,,,,,,,,,,,,,,,,,
"15","Task","Implementation Strategy",,,,,"PENDING",,,,,,"HIGH",,,,,,,,,,,,,,,,,,,,,,,,,,,,,,,,,,,,,,,,,,,,,,,,,,,,,,,,,,,,,
"16","Task","Coding & Development",,,,,"PENDING",,,,,,"HIGH",,,,,,,,,,,,,,,,,,,,,,,,,,,,,,,,,,,,,,,,,,,,,,,,,,,,,,,,,,,,,
"17","Task","Testing & QA",,,,,"PENDING",,,,,,"HIGH",,,,,,,,,,,,,,,,,,,,,,,,,,,,,,,,,,,,,,,,,,,,,,,,,,,,,,,,,,,,,
"18","Task","Deployment & Release",,,,,"PENDING",,,,,,"HIGH",,,,,,,,,,,,,,,,,,,,,,,,,,,,,,,,,,,,,,,,,,,,,,,,,,,,,,,,,,,,,
"19","Task","Maintenance & Iteration",,,,,"PENDING",,,,,,"HIGH",,,,,,,,,,,,,,,,,,,,,,,,,,,,,,,,,,,,,,,,,,,,,,,,,,,,,,,,,,,,,
"20","Tool","Git",,,,,,,,,,,,"Source Control Management","VERSION_CONTROL",,,,,,,,,,,,,,,,,,,,,,,,,,,,,,,,,,,,,,,,,,,,,,,,,,,,,,,,,,,
"21","Tool","Docker",,,,,,,,,,,,"Environment Management","CONTAINERIZATION",,,,,,,,,,,,,,,,,,,,,,,,,,,,,,,,,,,,,,,,,,,,,,,,,,,,,,,,,,,
"22","Tool","o1-preview",,,,,,,,,,,,"Synergistic Thinking","AI_MODEL",,,,,,,,,,,,,,,,,,,,,,,,,,,,,,,,,,,,,,,,,,,,,,,,,,,,,,,,,,,
"23","Tool","o1-mini",,,,,,,,,,,,"Large Code Generation","AI_MODEL",,,,,,,,,,,,,,,,,,,,,,,,,,,,,,,,,,,,,,,,,,,,,,,,,,,,,,,,,,,
"24","Tool","Brave Search",,,,,,,,,,,,"Error Resolution","SEARCH_ENGINE",,,,,,,,,,,,,,,,,,,,,,,,,,,,,,,,,,,,,,,,,,,,,,,,,,,,,,,,,,,
"25","Tool","Neo4j",,,,,,,,,,,,"Graph Database","DATABASE",,,,,,,,,,,,,,,,,,,,,,,,,,,,,,,,,,,,,,,,,,,,,,,,,,,,,,,,,,,
"26","Artifact","Project State Record",,,,,"IN_PROGRESS",,,,,,,,"DOCUMENTATION",,,,,,,,,,,,,,,,,,,,,,,,,,,,,,,,,,,,,,,,,,,,,,,,,,,,,,,,,,,
"27","Artifact","Architecture Diagram",,,,,"PENDING",,,,,,,,"DIAGRAM",,,,,,,,,,,,,,,,,,,,,,,,,,,,,,,,,,,,,,,,,,,,,,,,,,,,,,,,,,,
"28","Tool","Redis",,,,,,,,,,,,"Memory Cache and State Management","DATABASE",,,,,,,,,,,,,,,,,,,,,,,,,,,,,,,,,,,,,,,,,,,,,,,,,,,,,,,,,,,
"29","Tool","SQLite",,,,,,,,,,,,"Code Storage and Version Management","DATABASE",,,,,,,,,,,,,,,,,,,,,,,,,,,,,,,,,,,,,,,,,,,,,,,,,,,,,,,,,,,
"30","Tool","Stack Analyzer",,,,,,,,,,,,"Deep Dependency and Stack Analysis","ANALYSIS",,,,,,,,,,,,,,,,,,,,,,,,,,,,,,,,,,,,,,,,,,,,,,,,,,,,,,,,,,,
"31","Tool","Dependency Tracker",,,,,,,,,,,,"Missing Package Detection","ANALYSIS",,,,,,,,,,,,,,,,,,,,,,,,,,,,,,,,,,,,,,,,,,,,,,,,,,,,,,,,,,,
"32","Tool","Environment Analyzer",,,,,,,,,,,,"System Requirements Analysis","ANALYSIS",,,,,,,,,,,,,,,,,,,,,,,,,,,,,,,,,,,,,,,,,,,,,,,,,,,,,,,,,,,
"33","Tool","Memory Profiler",,,,,,,,,,,,"Memory Usage Analysis","PERFORMANCE",,,,,,,,,,,,,,,,,,,,,,,,,,,,,,,,,,,,,,,,,,,,,,,,,,,,,,,,,,,
"34","Tool","Code Quality Analyzer",,,,,,,,,,,,"Static Code Analysis","ANALYSIS",,,,,,,,,,,,,,,,,,,,,,,,,,,,,,,,,,,,,,,,,,,,,,,,,,,,,,,,,,,
"35","Artifact","Memory State",,,,,"ACTIVE",,,,,,,,"STATE",,,,,,,,,,,,,,,,,,,,,,,,,,,,,,,,,,,,,,,,,,,,,,,,,,,,,,,,,,,
"36","Artifact","Code Repository",,,,,"ACTIVE",,,,,,,,"CODE_STORAGE",,,,,,,,,,,,,,,,,,,,,,,,,,,,,,,,,,,,,,,,,,,,,,,,,,,,,,,,,,,
"37","Task","Deep Stack Analysis",,,,,"PENDING",,,,,,"HIGH",,,,,,,,,,,,,,,,,,,,,,,,,,,,,,,,,,,,,,,,,,,,,,,,,,,,,,,,,,,,,
"38","Task","Dependency Analysis",,,,,"PENDING",,,,,,"HIGH",,,,,,,,,,,,,,,,,,,,,,,,,,,,,,,,,,,,,,,,,,,,,,,,,,,,,,,,,,,,,
"39","Task","Memory Analysis",,,,,"PENDING",,,,,,"HIGH",,,,,,,,,,,,,,,,,,,,,,,,,,,,,,,,,,,,,,,,,,,,,,,,,,,,,,,,,,,,,
"40","Task","Code Quality Check",,,,,"PENDING",,,,,,"HIGH",,,,,,,,,,,,,,,,,,,,,,,,,,,,,,,,,,,,,,,,,,,,,,,,,,,,,,,,,,,,,
"41","Artifact","Deep Stack Analysis Report",,,,,"PENDING",,,,,,,,"ANALYSIS_REPORT",,,,,,,,,,,,,,,,,,,,,,,,,,,,,,,,,,,,,,,,,,,,,,,,,,,,,,,,,,,
"42","Artifact","Dependency Analysis Report",,,,,"PENDING",,,,,,,,"ANALYSIS_REPORT",,,,,,,,,,,,,,,,,,,,,,,,,,,,,,,,,,,,,,,,,,,,,,,,,,,,,,,,,,,
"43","Artifact","Memory Analysis Report",,,,,"PENDING",,,,,,,,"ANALYSIS_REPORT",,,,,,,,,,,,,,,,,,,,,,,,,,,,,,,,,,,,,,,,,,,,,,,,,,,,,,,,,,,
"44","Artifact","Code Quality Check Report",,,,,"PENDING",,,,,,,,"ANALYSIS_REPORT",,,,,,,,,,,,,,,,,,,,,,,,,,,,,,,,,,,,,,,,,,,,,,,,,,,,,,,,,,,
"45","Artifact","Redis Memory Configuration",,,,,"PENDING",,,,,,,,"CONFIG",,,,,,,,,,,,,,,,,,,,,,,,,,,,,,,,,,,,,,,,,,,,,,,,,,,,,,,,,,,
"46","Artifact","SQLite Code DB Configuration",,,,,"PENDING",,,,,,,,"CONFIG",,,,,,,,,,,,,,,,,,,,,,,,,,,,,,,,,,,,,,,,,,,,,,,,,,,,,,,,,,,
"47","Artifact","Neo4j Graph Configuration",,,,,"PENDING",,,,,,,,"CONFIG",,,,,,,,,,,,,,,,,,,,,,,,,,,,,,,,,,,,,,,,,,,,,,,,,,,,,,,,,,,
"48","FractalNode","Nexus-Prime",,,,,,,,,,,,,"ROOT","F:/ai_workspace/Nexus-Prime/nexus-system-development/ALL Code Repos- DevDocs",0,"ROOT",,,,,,,,,,,,,,,,,,,,,,,,,,,,,,,,,,,,,,,,,,,,,,,,,,,,,,,,
"49","FractalNode","Code Structure",,,,,,,,,,,,,"PATTERN",,1,"TRIANGULAR",,,,,,,,,,,,,,,,,,,,,,,,,,,,,,,,,,,,,,,,,,,,,,,,,,,,,,,,
"50","FractalNode","Documentation",,,,,,,,,,,,,"PATTERN",,1,"CIRCULAR",,,,,,,,,,,,,,,,,,,,,,,,,,,,,,,,,,,,,,,,,,,,,,,,,,,,,,,,
"51","FractalNode","Configuration",,,,,,,,,,,,,"PATTERN",,1,"HEXAGONAL",,,,,,,,,,,,,,,,,,,,,,,,,,,,,,,,,,,,,,,,,,,,,,,,,,,,,,,,
"52","FractalNode","Testing",,,,,,,,,,,,,"PATTERN",,1,"SQUARE",,,,,,,,,,,,,,,,,,,,,,,,,,,,,,,,,,,,,,,,,,,,,,,,,,,,,,,,
"53","FractalNode","assets",,,,,,,,,,,,,"DIRECTORY",,2,"TRIANGULAR",,,,,,,,,,,,,,,,,,,,,,,,,,,,,,,,,,,,,,,,,,,,,,,,,,,,,,,,
"54","FractalNode","lib",,,,,,,,,,,,,"DIRECTORY",,2,"TRIANGULAR",,,,,,,,,,,,,,,,,,,,,,,,,,,,,,,,,,,,,,,,,,,,,,,,,,,,,,,,
"55","FractalNode","docs",,,,,,,,,,,,,"DIRECTORY",,2,"CIRCULAR",,,,,,,,,,,,,,,,,,,,,,,,,,,,,,,,,,,,,,,,,,,,,,,,,,,,,,,,
"56","FractalNode","public",,,,,,,,,,,,,"DIRECTORY",,2,"HEXAGONAL",,,,,,,,,,,,,,,,,,,,,,,,,,,,,,,,,,,,,,,,,,,,,,,,,,,,,,,,
"57","FractalNode","views",,,,,,,,,,,,,"DIRECTORY",,2,"TRIANGULAR",,,,,,,,,,,,,,,,,,,,,,,,,,,,,,,,,,,,,,,,,,,,,,,,,,,,,,,,
"58","FractalNode","test",,,,,,,,,,,,,"DIRECTORY",,2,"SQUARE",,,,,,,,,,,,,,,,,,,,,,,,,,,,,,,,,,,,,,,,,,,,,,,,,,,,,,,,
"59","FractalNode","Dockerfile",,,,,,,,,,,,,"CONFIG",,2,"HEXAGONAL",,,,,,,,,,,,,,,,,,,,,,,,,,,,,,,,,,,,,,,,,,,,,,,,,,,,,,,,
"60","FractalNode","Gemfile",,,,,,,,,,,,,"CONFIG",,2,"HEXAGONAL",,,,,,,,,,,,,,,,,,,,,,,,,,,,,,,,,,,,,,,,,,,,,,,,,,,,,,,,
"61","FractalNode","package-lock.json",,,,,,,,,,,,,"CONFIG",,2,"HEXAGONAL",,,,,,,,,,,,,,,,,,,,,,,,,,,,,,,,,,,,,,,,,,,,,,,,,,,,,,,,
"62","FractalNode","techstack.yml",,,,,,,,,,,,,"CONFIG",,2,"HEXAGONAL",,,,,,,,,,,,,,,,,,,,,,,,,,,,,,,,,,,,,,,,,,,,,,,,,,,,,,,,
"63","Tool","Fractal Interpreter",,,,,,,,,,,,"Pattern-Based Code Analysis","SYSTEM",,,,,,,,,,,,,,,,,,,,,,,,,,,,,,,,,,,,,,,,,,,,,,,,,,,,,,,,,,,
"64","Tool","Pattern Engine",,,,,,,,,,,,"Geometric Pattern Recognition","ANALYZER",,,,,,,,,,,,,,,,,,,,,,,,,,,,,,,,,,,,,,,,,,,,,,,,,,,,,,,,,,,
"65","Tool","Code Mapper",,,,,,,,,,,,"Code to Pattern Mapping","ANALYZER",,,,,,,,,,,,,,,,,,,,,,,,,,,,,,,,,,,,,,,,,,,,,,,,,,,,,,,,,,,
"66","Tool","Relation Engine",,,,,,,,,,,,"Pattern Relationship Analysis","ANALYZER",,,,,,,,,,,,,,,,,,,,,,,,,,,,,,,,,,,,,,,,,,,,,,,,,,,,,,,,,,,
"67","Artifact","Pattern Recognition Rules",,,,,"ACTIVE",,,,,,,,"RULES",,,,,,,,,,,,,,,,,,,,,,,,,,,,,,,,,,,,,,,,,,,,,,,,,,,,,,,,,,,
"68","Artifact","Code Mapping Rules",,,,,"ACTIVE",,,,,,,,"RULES",,,,,,,,,,,,,,,,,,,,,,,,,,,,,,,,,,,,,,,,,,,,,,,,,,,,,,,,,,,
"69","Artifact","Relationship Rules",,,,,"ACTIVE",,,,,,,,"RULES",,,,,,,,,,,,,,,,,,,,,,,,,,,,,,,,,,,,,,,,,,,,,,,,,,,,,,,,,,,
"70","Tool","Code Analysis Pattern",,,,,,,,,,,,"Code Structure Analysis","PATTERN",,,,,,,,,,,,,,,,,,,,,,,,,,,,,,,,,,,,,,,,,,,,,,,,,,,,,,,,,,,
"71","Tool","Documentation Pattern",,,,,,,,,,,,"Documentation Analysis","PATTERN",,,,,,,,,,,,,,,,,,,,,,,,,,,,,,,,,,,,,,,,,,,,,,,,,,,,,,,,,,,
"72","Tool","Test Pattern",,,,,,,,,,,,"Test Coverage Analysis","PATTERN",,,,,,,,,,,,,,,,,,,,,,,,,,,,,,,,,,,,,,,,,,,,,,,,,,,,,,,,,,,
"73","Task","Pattern Analysis",,,,,"PENDING",,,,,,"HIGH",,,,,,"Analyze code patterns and relationships",,,,,,,,,,,,,,,,,,,,,,,,,,,,,,,,,,,,,,,,,,,,,,,,,,,,,,,
"74","DocumentationSystem","Documentation Analyzer",,,,,,,,,,,,"Documentation Analysis and Mapping","SYSTEM",,,,,,,,,,,,,,,,,,,,,,,,,,,,,,,,,,,,,,,,,,,,,,,,,,,,,,,,,,,
"75","Tool","URL Scraper",,,,,,,,,,,,"HTTP-based Documentation Scraping","SCRAPER",,,,,,,,,,,,,,,,,,,,,,,,,,,,,,,,,,,,,,,,,,,,,,,,,,,,,,,,,,,
"76","Tool","File Scraper",,,,,,,,,,,,"Filesystem-based Documentation Scraping","SCRAPER",,,,,,,,,,,,,,,,,,,,,,,,,,,,,,,,,,,,,,,,,,,,,,,,,,,,,,,,,,,
"77","Tool","HTML Filter Pipeline",,,,,,,,,,,,"HTML Document Processing","FILTER",,,,,,,,,,,,,,,,,,,,,,,,,,,,,,,,,,,,,,,,,,,,,,,,,,,,,,,,,,,
"78","Tool","Text Filter Pipeline",,,,,,,,,,,,"Text Content Processing","FILTER",,,,,,,,,,,,,,,,,,,,,,,,,,,,,,,,,,,,,,,,,,,,,,,,,,,,,,,,,,,
"79","Tool","Cypher Analysis Patterns",,,,,,,,,,,,"Codebase Analysis Templates","ANALYZER",,,,,,,,,,,,,,,,,,,,,,,,,,,,,,,,,,,,,,,,,,,,,,,,,,,,,,,,,,,
"80","Artifact","Documentation Pattern Query",,,,,,,,,,,,"Find all documentation nodes","CYPHER_TEMPLATE",,,,,"MATCH (doc:FractalNode)-[:CONTAINS]->(n) WHERE doc.pattern = 'CIRCULAR' RETURN n.name, n.type",,,,,,,,,,,,,,,,,,,,,,,,,,,,,,,,,,,,,,,,,,,,,,,,,,,,,,
"81","Artifact","Code Pattern Query",,,,,,,,,,,,"Find all code structure nodes","CYPHER_TEMPLATE",,,,,"MATCH (code:FractalNode)-[:CONTAINS]->(n) WHERE code.pattern = 'TRIANGULAR' RETURN n.name, n.type",,,,,,,,,,,,,,,,,,,,,,,,,,,,,,,,,,,,,,,,,,,,,,,,,,,,,,
"82","Artifact","Test Pattern Query",,,,,,,,,,,,"Find all test nodes","CYPHER_TEMPLATE",,,,,"MATCH (test:FractalNode)-[:CONTAINS]->(n) WHERE test.pattern = 'SQUARE' RETURN n.name, n.type",,,,,,,,,,,,,,,,,,,,,,,,,,,,,,,,,,,,,,,,,,,,,,,,,,,,,,
"83","Tool","Dependency Analyzer",,,,,,,,,,,,"Deep Dependency Analysis","ANALYZER",,,,,,"GEOMETRIC",,,,,,,,,,,,,,,,,,,,,,,,,,,,,,,,,,,,,,,,,,,,,,,,,,,,,
"84","Tool","Quality Metrics Engine",,,,,,,,,,,,"Code Quality Analysis","ANALYZER",,,,,,"GEOMETRIC",,,,,,,,,,,,,,,,,,,,,,,,,,,,,,,,,,,,,,,,,,,,,,,,,,,,,
"85","Tool","Fractal Pattern Analyzer",,,,,,,,,,,,"Recursive Pattern Analysis","ANALYZER",,,,,,"GEOMETRIC",,,,,,,,,,,,,,,,,,,,,,,,,,,,,,,,,,,,,,,,,,,,,,,,,,,,,
"86","Artifact","Triangular Dependency Template",,,,,,,,,,,,"Detect Circular Dependencies","CYPHER_TEMPLATE",,,,,"MATCH (a:Code)-[:DEPENDS_ON]->(b:Code), (b)-[:DEPENDS_ON]->(c:Code), (c)-[:DEPENDS_ON]->(a) RETURN a.name, b.name, c.name",,,,,,,,,,,,,,,,,,,,,,,,,,,,,,,,,,,,,,,,,,,,,,,,,,,,,,
"87","Artifact","Documentation Circle Template",,,,,,,,,,,,"Find Documentation Cycles","CYPHER_TEMPLATE",,,,,"MATCH (d1:Doc)-[:REFERS_TO]->(d2:Doc), (d2)-[:REFERS_TO]->(d3:Doc), (d3)-[:REFERS_TO]->(d1) RETURN d1.title, d2.title, d3.title",,,,,,,,,,,,,,,,,,,,,,,,,,,,,,,,,,,,,,,,,,,,,,,,,,,,,,
"88","Artifact","Test Coverage Square Template",,,,,,,,,,,,"Analyze Test Coverage Patterns","CYPHER_TEMPLATE",,,,,"MATCH (t1:Test)-[:TESTS]->(c1:Code)-[:DEPENDS_ON]->(c2:Code)<-[:TESTS]-(t2:Test) RETURN t1.name, c1.name, t2.name, c2.name",,,,,,,,,,,,,,,,,,,,,,,,,,,,,,,,,,,,,,,,,,,,,,,,,,,,,,
"89","Tool","Code Metrics System",,,,,,,,,,,,"Collect and Analyze Code Metrics","METRICS",,,,,,,,,,,,,,,,,,,,,,,,,,,,,,,,,,,,,,,,,,,,,,,,,,,,,,,,,,,
"90","Artifact","Complexity Metric",,,,,,,,,,,,,"METRIC",,,,,,,"MATCH (n:Code) WHERE n.complexity > 10 RETURN n.name, n.complexity","CYCLOMATIC",,,,,,,,,,,,,,,,,,,,,,,,,,,,,,,,,,,,,,,,,,,,,,,,,,,
"91","Artifact","Coverage Metric",,,,,,,,,,,,,"METRIC",,,,,,,"MATCH (c:Code) OPTIONAL MATCH (c)<-[:TESTS]-(t:Test) RETURN c.name, COUNT(t) as TestCount","TEST_COVERAGE",,,,,,,,,,,,,,,,,,,,,,,,,,,,,,,,,,,,,,,,,,,,,,,,,,,
"92","Artifact","Dependency Metric",,,,,,,,,,,,,"METRIC",,,,,,,"MATCH (c:Code)-[:DEPENDS_ON]->(d:Code) RETURN c.name, COUNT(d) as DependencyCount","DEPENDENCY_COUNT",,,,,,,,,,,,,,,,,,,,,,,,,,,,,,,,,,,,,,,,,,,,,,,,,,,
"93","CodeModule","React",,,,,,,,,,,,,"UrlScraper",,,,,,,,,"lib/docs/scrapers/react.rb","19",,,,,,,,,,,,,,,,,,,,,,,,,,,,,,,,,,,,,,,,,,,,,,,,,
"94","Version",,,,,,,,,,,,,,,,,,,,,,,,,"['/reference/react','/learn']","19","https://react.dev","19",,,,,,,,,,,,,,,,,,,,,,,,,,,,,,,,,,,,,,,,,,,,,
"95","Version",,,,,,,,,,,,,,,,,,,,,,,,,"['/reference/react','/learn']","18.3.1","https://18.react.dev","18",,,,,,,,,,,,,,,,,,,,,,,,,,,,,,,,,,,,,,,,,,,,,
"96","Version",,,,,,,,,,,,,,,,,,,,,,,,,,"17.0.2","https://17.reactjs.org/docs/","17","hello-world.html",,,,,,,,,,,,,,,,,,,,,,,,,,,,,,,,,,,,,,,,,,,,
"97","Filter","clean_html_react_dev",,,,,,,,,,,,,"HTML","lib/docs/filters/react/clean_html_react_dev.rb",,,,"CleanHtmlReactDevFilter extends Filter class with HTML cleaning capabilities",,,,,,,,,,,"['Remove breadcrumbs','Clean unnecessary elements','Fix image loading','Transform callout blocks','Handle syntax highlighting']","['yellow callout -> note-orange','green callout -> note-green','gray callout -> note','bg-card -> note','details -> note-blue']",,,,,,,,,,,,,,,,,,,,,,,,,,,,,,,,,,,,,,,,,,
"98","Filter","entries_react_dev",,,,,,,,,,,,,"Entries","lib/docs/filters/react/entries_react_dev.rb",,,,,,,,,,,,,,,,,,,,,,,,,,,,,,,,,,,,,,,,,,,,,,,,,,,,,,,,,,
"99","FilterRule","Remove Selectors",,,,,,,,,,,,,"REMOVAL",,,,,,,,,,,,,,,,,,"['div.grid > a','button','div.order-last','div.dark-image','a[title='Open in CodeSandbox']']",,,,,,,,,,,,,,,,,,,,,,,,,,,,,,,,,,,,,,,,,
"100","FilterRule","Transform Selectors",,,,,,,,,,,,,"TRANSFORMATION",,,,,,,,,,,,,,,,,,"['.expandable-callout[class*=yellow]','.expandable-callout[class*=green]','.expandable-callout[class*=gray]','.bg-card','details']",,,,,,,,,,,,,,,,,,,,,,,,,,,,,,,,,,,,,,,,,
"101","DocCategory","Programming Languages",,,,,,,,,,,,,"CATEGORY",,,,,,,,,,,,,,,,,,,,,,,,,,,,,,,,,,,,,,,,,,,,,,,,,,,,,,,,,,,
"102","DocCategory","Web Frameworks",,,,,,,,,,,,,"CATEGORY",,,,,,,,,,,,,,,,,,,,,,,,,,,,,,,,,,,,,,,,,,,,,,,,,,,,,,,,,,,
"103","DocCategory","Data & Databases",,,,,,,,,,,,,"CATEGORY",,,,,,,,,,,,,,,,,,,,,,,,,,,,,,,,,,,,,,,,,,,,,,,,,,,,,,,,,,,
"104","DocCategory","Development Tools",,,,,,,,,,,,,"CATEGORY",,,,,,,,,,,,,,,,,,,,,,,,,,,,,,,,,,,,,,,,,,,,,,,,,,,,,,,,,,,
"105","Type","MultipleDispatch",,"['method ambiguity','type parameters','dispatch rules']",,,,,,,,,,,,,,,,,,,,,,,,,,,,,,"Core method table and dispatch mechanism",,,,,,,,,,,,,,,,,,,,,,,,,,,,,,,,,,,,,,,,
"106","Documentation","Python",,,,,,,,,,,,,"LANGUAGE",,,,,,,,,,,,,,,,,,,,"lib/docs/scrapers/python.rb",,,,,,,,,,,,,,,,,,,,,,,,,,,,,,,,,,,,,,,
"107","Documentation","JavaScript",,,,,,,,,,,,,"LANGUAGE",,,,,,,,,,,,,,,,,,,,,"MDN",,,,,,,,,,,,,,,,,,,,,,,,,,,,,,,,,,,,,,
"108","Documentation","Rust",,,,,,,,,,,,,"LANGUAGE",,,,,,,,,,,,,,,,,,,,"lib/docs/scrapers/rust.rb",,,,,,,,,,,,,,,,,,,,,,,,,,,,,,,,,,,,,,,
"109","Documentation","React",,,,,,,,,,,,,"FRAMEWORK",,,,,,,,,,,,,,,,,,,,"lib/docs/scrapers/react.rb",,,,,,,,,,,,,,,,,,,,,,,,,,,,,,,,,,,,,,,
"110","Documentation","Vue",,,,,,,,,,,,,"FRAMEWORK",,,,,,,,,,,,,,,,,,,,"lib/docs/scrapers/vue.rb",,,,,,,,,,,,,,,,,,,,,,,,,,,,,,,,,,,,,,,
"111","Documentation","Angular",,,,,,,,,,,,,"FRAMEWORK",,,,,,,,,,,,,,,,,,,,"lib/docs/scrapers/angular.rb",,,,,,,,,,,,,,,,,,,,,,,,,,,,,,,,,,,,,,,
"112","ScraperSystem","DevDocs",,,,,,,,,,,,"Documentation Aggregation",,,,,,,,,,,,,,,,,,,,,,,"lib/docs/scrapers/",,,,,,,,,,,,,,,,,,,,,,,,,,,,,,,,,,,,,
"113","ScraperType","FileScraper",,,,,,,,,,,,,,,,,"Scrapes local documentation files",,,,,,,,,,,,,,,,,,,,,,,,,,,,,,,,,,,,,,,,,,,,,,,,,,,,,,,
"114","ScraperType","UrlScraper",,,,,,,,,,,,,,,,,"Scrapes online documentation",,,,,,,,,,,,,,,,,,,,,,,,,,,,,,,,,,,,,,,,,,,,,,,,,,,,,,,
"115","BuildMethod","Download Archive",,,,,,,,,,,,,,,,,"Download and extract pre-built documentation archives",,,,,,,,,,,,,,,,,,,,,,,,,,,,,,,,,,,,,,,,,,,,,,,,,,,,,,,
"116","BuildMethod","Generate Source",,,,,,,,,,,,,,,,,"Build documentation from source code",,,,,,,,,,,,,,,,,,,,,,,,,,,,,,,,,,,,,,,,,,,,,,,,,,,,,,,
"117","BuildMethod","Repository Clone",,,,,,,,,,,,,,,,,"Clone and build from repository",,,,,,,,,,,,,,,,,,,,,,,,,,,,,,,,,,,,,,,,,,,,,,,,,,,,,,,
"118","DocScraper","Dart",,,,,,,,,,,,,,,,,,,,,,,,,,,,,,,,,,,,"dart~VERSION","curl https://storage.googleapis.com/dart-archive/channels/stable/release/$RELEASE/api-docs/dartdocs-gen-api.zip > dartApi.zip","https://www.dartlang.org/tools/sdk/archive",,,,,,,,,,,,,,,,,,,,,,,,,,,,,,,,,,
"119","DocScraper","Django",,,,,,,,,,,,,,,,,,,,,,,,,,,,,,,,,,,,"django~VERSION","curl https://media.djangoproject.com/docs/django-docs-$VERSION-en.zip","https://docs.djangoproject.com/",,,,,,,,,,,,,,,,,,,,,,,,,,,,,,,,,,
"120","DocScraper","Python",,,,,,,,,,,,,,,,,,,,,,,,,,,,,,,,,,,,"python~VERSION","curl -L https://docs.python.org/$VERSION/archives/python-$RELEASE-docs-html.tar.bz2","https://docs.python.org/",,,,,,,,,,,,,,,,,,,,,,,,,,,,,,,,,,
"121","FilterType","CleanHTML",,,,,,,,,,,,"Remove unnecessary HTML elements",,,,,,,,,,,,,,,,,,,,,,,,,,,,,,,,,,,,,,,,,,,,,,,,,,,,,,,,,,,,
"122","FilterType","Entries",,,,,,,,,,,,"Extract documentation entries",,,,,,,,,,,,,,,,,,,,,,,,,,,,,,,,,,,,,,,,,,,,,,,,,,,,,,,,,,,,
"123","FilterType","Container",,,,,,,,,,,,"Extract main content container",,,,,,,,,,,,,,,,,,,,,,,,,,,,,,,,,,,,,,,,,,,,,,,,,,,,,,,,,,,,
"124","FilterType","Attribution",,,,,,,,,,,,"Add attribution and licensing",,,,,,,,,,,,,,,,,,,,,,,,,,,,,,,,,,,,,,,,,,,,,,,,,,,,,,,,,,,,
"125","Language","Python",,,,,,,,,,,,,,,,,,,,,,,,,,,"3.12",,,,,,,,,,,,"https://docs.python.org/3",,,,,,,,,,,,,,,,,,,,,,,,,,,,,,,,,
"126","Category","Built-in Types","https://docs.python.org/3/library/stdtypes.html",,,,,,,,,,,,,,,,,,,,,,,,,,,,,,,,,,,,,,,,,,,,,,,,,,,,,,,,,,,,,,,,,,,,,,,
"127","Type","Numeric Types",,"['int','float','complex']",,,,,,,,,,,,,,,,,,,,,,,,,,,,,,,,,,,,,,,,,,,,,,,,,,,,,,,,,,,,,,,,,,,,,,
"128","Type","Sequence Types",,"['list','tuple','range']",,,,,,,,,,,,,,,,,,,,,,,,,,,,,,,,,,,,,,,,,,,,,,,,,,,,,,,,,,,,,,,,,,,,,,
"129","Type","Mapping Types",,"['dict']",,,,,,,,,,,,,,,,,,,,,,,,,,,,,,,,,,,,,,,,,,,,,,,,,,,,,,,,,,,,,,,,,,,,,,
"130","Type","Set Types",,"['set','frozenset']",,,,,,,,,,,,,,,,,,,,,,,,,,,,,,,,,,,,,,,,,,,,,,,,,,,,,,,,,,,,,,,,,,,,,,
"131","Type","Text Sequence Type",,"['str']",,,,,,,,,,,,,,,,,,,,,,,,,,,,,,,,,,,,,,,,,,,,,,,,,,,,,,,,,,,,,,,,,,,,,,
"132","Type","Binary Types",,"['bytes','bytearray','memoryview']",,,,,,,,,,,,,,,,,,,,,,,,,,,,,,,,,,,,,,,,,,,,,,,,,,,,,,,,,,,,,,,,,,,,,,
"133","Method","list",,,,,,,,,,,,,"class",,,,,,,,,,,,,,,,,,,,,,,,,,,,,,,,,,,,,,,,,,,,,,,,,,,,,,,,,,,
"134","Method","append",,,,,,,,,,,,,,,,,"Add an item to the end of the list",,,,,,,,,,,,,,,,,,,,,,,"list.append(x)","lst = [1, 2, 3] lst.append(4) # lst is now [1, 2, 3, 4]",,,,,,,,,,,,,,,,,,,,,,,,,,,,,,,
"135","Method","extend",,,,,,,,,,,,,,,,,"Extend list by appending elements from the iterable",,,,,,,,,,,,,,,,,,,,,,,"list.extend(iterable)","lst = [1, 2, 3] lst.extend([4, 5]) # lst is now [1, 2, 3, 4, 5]",,,,,,,,,,,,,,,,,,,,,,,,,,,,,,,
"136","Method","insert",,,,,,,,,,,,,,,,,"Insert an item at a given position",,,,,,,,,,,,,,,,,,,,,,,"list.insert(i, x)","lst = [1, 2, 3] lst.insert(1, 4) # lst is now [1, 4, 2, 3]",,,,,,,,,,,,,,,,,,,,,,,,,,,,,,,
"137","Language","Cypher",,,,,,,,,,,,,,,,,,,,,,,,,,,"Current",,,,,,,,,,,,"https://neo4j.com/docs/cypher-manual/current/",,,,,,,,,,,,,,,,,,,,,,,,,,,,,,,,,
"138","Category","Clauses","https://neo4j.com/docs/cypher-manual/current/clauses/",,,,,,,,,,,,,,,,,,,,,,,,,,,,,,,,,,,,,,,,,,,,,,,,,,,,,,,,,,,,,,,,,,,,,,,
"139","Category","Expressions","https://neo4j.com/docs/cypher-manual/current/expressions/",,,,,,,,,,,,,,,,,,,,,,,,,,,,,,,,,,,,,,,,,,,,,,,,,,,,,,,,,,,,,,,,,,,,,,,
"140","Category","Functions","https://neo4j.com/docs/cypher-manual/current/functions/",,,,,,,,,,,,,,,,,,,,,,,,,,,,,,,,,,,,,,,,,,,,,,,,,,,,,,,,,,,,,,,,,,,,,,,
"141","Clause","MATCH",,,,,,,,,,,,,,,,,"Search for patterns in the graph",,,,,,,,,,,,,,,,,,,,,,,"MATCH (node:Label) [WHERE condition]","MATCH (n:Person) WHERE n.age > 21 RETURN n",,,,,,,,,,,,,,,,,,,,,,,,,,,,,,,
"142","Clause","CREATE",,,,,,,,,,,,,,,,,"Create nodes and relationships",,,,,,,,,,,,,,,,,,,,,,,"CREATE (node:Label {properties})","CREATE (n:Person {name: 'John'})",,,,,,,,,,,,,,,,,,,,,,,,,,,,,,,
"143","Clause","WHERE",,,,,,,,,,,,,,,,,"Filter pattern search",,,,,,,,,,,,,,,,,,,,,,,"WHERE condition","WHERE n.property > value",,,,,,,,,,,,,,,,,,,,,,,,,,,,,,,
"144","Language","LMQL",,,,,,,,,,,,,,,,,,,,,,,,,,,"Latest",,,,,,,,,,,,"https://lmql.ai/docs/latest/",,,,,,,,,,,,,,,,,,,,,,,,,,,,,,,,,
"145","Category","Language Basics","https://lmql.ai/docs/language/overview.html",,,,,,,,,,,,,,,,,,,,,,,,,,,,,,,,,,,,,,,,,,,,,,,,,,,,,,,,,,,,,,,,,,,,,,,
"146","Category","Scripted Prompting","https://lmql.ai/docs/language/scripted-prompting.html",,,,,,,,,,,,,,,,,,,,,,,,,,,,,,,,,,,,,,,,,,,,,,,,,,,,,,,,,,,,,,,,,,,,,,,
"147","Category","Constraints","https://lmql.ai/docs/language/constraints.html",,,,,,,,,,,,,,,,,,,,,,,,,,,,,,,,,,,,,,,,,,,,,,,,,,,,,,,,,,,,,,,,,,,,,,,
"148","Construct","Prompt",,,,,,,,,,,,,,,,,"Define a prompt segment with constraints",,,,,,,,,,,,,,,,,,,,,,,"@prompt('text') variable: str","@prompt('What is the capital of [COUNTRY]?') location: str",,,,,,,,,,,,,,,,,,,,,,,,,,,,,,,
"149","Construct","Constraint",,,,,,,,,,,,,,,,,"Add constraints to generated output",,,,,,,,,,,,,,,,,,,,,,,"where <condition>","where len(RESPONSE) < 100",,,,,,,,,,,,,,,,,,,,,,,,,,,,,,,
"150","Construct","Decoder",,,,,,,,,,,,,,,,,"Configure how text is generated",,,,,,,,,,,,,,,,,,,,,,,"from lmql.model import decoder(...)","argmax sample(temperature=0.8)",,,,,,,,,,,,,,,,,,,,,,,,,,,,,,,
"151","Language","Python",,,,,,,,,,,,,,,,,,,,,,,,,,,"3.12",,,,,,,,,,,,"https://docs.python.org/3.12/",,,,,,,,,,,,,,,,,,,,,,,,,,,,,,,,,
"152","Category","Built-in Types","library/stdtypes.html",,,,,,,,,,,,,,,,,,,,,,,,,,,,,,,,,,,,,,,,,,,,,,,,,,,,,,,,,,,,,,,,,,,,,,,
"153","Category","Standard Library","library/index.html",,,,,,,,,,,,,,,,,,,,,,,,,,,,,,,,,,,,,,,,,,,,,,,,,,,,,,,,,,,,,,,,,,,,,,,
"154","Category","Language Reference","reference/index.html",,,,,,,,,,,,,,,,,,,,,,,,,,,,,,,,,,,,,,,,,,,,,,,,,,,,,,,,,,,,,,,,,,,,,,,
"155","Type","Text Sequence",,"['str']",,,,,,,,,,,,,,,,,,,,,,,,,,,,,,,,,,,,,,,,,,,,,,,,,,,,,,,,,,,,,,,,,,,,,,
"156","Method","capitalize",,,,,,,,,,,,,,,,,"Return a copy of the string with its first character capitalized and the rest lowercased.",,,,,,,,,,,,,,,,,,,,,,,"str.capitalize()","'hello world'.capitalize() -> 'Hello world'",,,,,,,,,,,,,,,,,,,,,,,,,,,,,,,
"157","Method","lower",,,,,,,,,,,,,,,,,"Return a copy of the string with all the case characters converted to lowercase.",,,,,,,,,,,,,,,,,,,,,,,"str.lower()","'Hello World'.lower() -> 'hello world'",,,,,,,,,,,,,,,,,,,,,,,,,,,,,,,
"158","Method","upper",,,,,,,,,,,,,,,,,"Return a copy of the string with all the case characters converted to uppercase.",,,,,,,,,,,,,,,,,,,,,,,"str.upper()","'Hello World'.upper() -> 'HELLO WORLD'",,,,,,,,,,,,,,,,,,,,,,,,,,,,,,,
"159","Method","split",,,,,,,,,,,,,,,,,"Return a list of the words in the string, using sep as the delimiter string.",,,,,,,,,,,,,,,,,,,,,,,"str.split(sep=None, maxsplit=-1)","'hello world'.split() -> ['hello', 'world']",,,,,,,,,,,,,,,,,,,,,,,,,,,,,,,
"160","Language","Mamba",,,,,,,,,,,,,,,,,,,,,,,,,,,"1.0.0",,,,,,,,,,,,"https://github.com/state-spaces/mamba",,,,,,,,,,,,,,,,,,,,,,,,,,,,,,,,,
"161","Category","Architecture","https://github.com/state-spaces/mamba#architecture",,,,,,,,,,,,,,,,,,,,,,,,,,,,,,,,,,,,,,,,,,,,,,,,,,,,,,,,,,,,,,,,,,,,,,,
"162","Category","State Space Models","https://github.com/state-spaces/mamba#ssm",,,,,,,,,,,,,,,,,,,,,,,,,,,,,,,,,,,,,,,,,,,,,,,,,,,,,,,,,,,,,,,,,,,,,,,
"163","Type","SelectiveSSM",,"['state_computation','selective_scan','parameter_binding']",,,,,,,,,,,,,,,,,,,,,,,,,,,,,,,,,,,,,,,,,,,,,,,,,,,,,,,,,,,,,,,,,,,,,,
"164","Method","forward",,,,,,,,,,,,,"function",,,,"Forward pass of the Mamba block, processing input through SSM layers",,,,,,,,,,,,,,,,,,,,,,,"forward(x: torch.Tensor) -> torch.Tensor","output = mamba_block(input_tensor)",,,,,,,,,,,,,,,,,,,,,,,,,,,,,,,
"165","Method","selective_scan",,,,,,,,,,,,,"function",,,,"Performs the selective scan operation, core of the Mamba architecture",,,,,,,,,,,,,,,,,,,,,,,"selective_scan(u: torch.Tensor, delta: torch.Tensor, A: torch.Tensor, B: torch.Tensor, C: torch.Tensor) -> torch.Tensor","output = selective_scan(u, delta, A, B, C)",,,,,,,,,,,,,,,,,,,,,,,,,,,,,,,
"166","Language","TypeScript",,,,,,,,,,,,,,,,,,,,,,,,,,,"5.3",,,,,,,,,,,,"https://www.typescriptlang.org/docs/",,,,,,,,,,,,,,,,,,,,,,,,,,,,,,,,,
"167","Category","Basic Types","https://www.typescriptlang.org/docs/handbook/basic-types.html",,,,,,,,,,,,,,,,,,,,,,,,,,,,,,,,,,,,,,,,,,,,,,,,,,,,,,,,,,,,,,,,,,,,,,,
"168","Category","Advanced Types","https://www.typescriptlang.org/docs/handbook/advanced-types.html",,,,,,,,,,,,,,,,,,,,,,,,,,,,,,,,,,,,,,,,,,,,,,,,,,,,,,,,,,,,,,,,,,,,,,,
"169","Category","Generics","https://www.typescriptlang.org/docs/handbook/generics.html",,,,,,,,,,,,,,,,,,,,,,,,,,,,,,,,,,,,,,,,,,,,,,,,,,,,,,,,,,,,,,,,,,,,,,,
"170","Category","Classes","https://www.typescriptlang.org/docs/handbook/classes.html",,,,,,,,,,,,,,,,,,,,,,,,,,,,,,,,,,,,,,,,,,,,,,,,,,,,,,,,,,,,,,,,,,,,,,,
"171","Type","Primitive Types",,"['string','number','boolean','null','undefined','symbol','bigint']",,,,,,,,,,,,,,,,,,,,,,,,,,,,,,,,,,,,,,,,,,,,,,,,,,,,,,,,,,,,,,,,,,,,,,
"172","Type","Object Types",,"['interface','class','array','tuple']",,,,,,,,,,,,,,,,,,,,,,,,,,,,,,,,,,,,,,,,,,,,,,,,,,,,,,,,,,,,,,,,,,,,,,
"173","Method","interface",,,,,,,,,,,,,"declaration",,,,"Defines a contract for object structure",,,,,,,,,,,,,,,,,,,,,,,"interface Name { property: Type }","interface User { id: number; name: string; }",,,,,,,,,,,,,,,,,,,,,,,,,,,,,,,
"174","Method","Type Assertion",,,,,,,,,,,,,"operator",,,,"Tells the compiler to treat a value as a specific type",,,,,,,,,,,,,,,,,,,,,,,"value as Type","(someValue as string).length",,,,,,,,,,,,,,,,,,,,,,,,,,,,,,,
"175","Method","Generic Function",,,,,,,,,,,,,"function",,,,"Function that works with multiple types while maintaining type safety",,,,,,,,,,,,,,,,,,,,,,,"function name<T>(arg: T): T","function identity<T>(arg: T): T { return arg; }",,,,,,,,,,,,,,,,,,,,,,,,,,,,,,,
"176","Language","Java",,,,,,,,,,,,,,,,,,,,,,,,,,,"21",,,,,,,,,,,,"https://docs.oracle.com/en/java/",,,,,,,,,,,,,,,,,,,,,,,,,,,,,,,,,
"177","Category","Object-Oriented Programming","https://docs.oracle.com/javase/tutorial/java/concepts/",,,,,,,,,,,,,,,,,,,,,,,,,,,,,,,,,,,,,,,,,,,,,,,,,,,,,,,,,,,,,,,,,,,,,,,
"178","Category","Collections Framework","https://docs.oracle.com/javase/tutorial/collections/",,,,,,,,,,,,,,,,,,,,,,,,,,,,,,,,,,,,,,,,,,,,,,,,,,,,,,,,,,,,,,,,,,,,,,,
"179","Category","Concurrency","https://docs.oracle.com/javase/tutorial/essential/concurrency/",,,,,,,,,,,,,,,,,,,,,,,,,,,,,,,,,,,,,,,,,,,,,,,,,,,,,,,,,,,,,,,,,,,,,,,
"180","Category","Generics","https://docs.oracle.com/javase/tutorial/java/generics/",,,,,,,,,,,,,,,,,,,,,,,,,,,,,,,,,,,,,,,,,,,,,,,,,,,,,,,,,,,,,,,,,,,,,,,
"181","Type","Class",,"['fields','methods','constructors','nested classes']",,,,,,,,,,,,,,,,,,,,,,,,,,,,,,,,,,,,,,,,,,,,,,,,,,,,,,,,,,,,,,,,,,,,,,
"182","Type","Interface",,"['abstract methods','default methods','static methods','constants']",,,,,,,,,,,,,,,,,,,,,,,,,,,,,,,,,,,,,,,,,,,,,,,,,,,,,,,,,,,,,,,,,,,,,,
"183","Type","Collection Interfaces",,"['List','Set','Queue','Map']",,,,,,,,,,,,,,,,,,,,,,,,,,,,,,,,,,,,,,,,,,,,,,,,,,,,,,,,,,,,,,,,,,,,,,
"184","Method","Class Declaration",,,,,,,,,,,,,"declaration",,,,"Defines a new class with inheritance and interface implementation",,,,,,,,,,,,,,,,,,,,,,,"public class ClassName extends SuperClass implements Interface","public class ArrayList<E> extends AbstractList<E> implements List<E>",,,,,,,,,,,,,,,,,,,,,,,,,,,,,,,
"185","Method","Lambda Expression",,,,,,,,,,,,,"expression",,,,"Provides a way to represent anonymous function",,,,,,,,,,,,,,,,,,,,,,,"(parameters) -> expression","(String s) -> s.length()",,,,,,,,,,,,,,,,,,,,,,,,,,,,,,,
"186","Method","Stream Operation",,,,,,,,,,,,,"method",,,,"Processes elements of a collection in a functional style",,,,,,,,,,,,,,,,,,,,,,,"collection.stream().operation()","list.stream().filter(x -> x > 0).map(x -> x * 2).collect(Collectors.toList())",,,,,,,,,,,,,,,,,,,,,,,,,,,,,,,
"187","Type","Metaprogramming",,"['macros','generated functions','expression manipulation']",,,,,,,,,,,,,,,,,,,,,,,,,,,,,,,,,,,,,,,,"Common metaprogramming patterns for DSL creation",,,,,,,,,,,,,,,,,,,,,,,,,,,,,,
"188","Category","Numerical Computing","https://docs.julialang.org/en/v1/manual/mathematical-operations/",,,,,,,,,,,,,,,,,,,,,,,,,,,,,,,,,,,,,,,,,,,,,,,,,,,,,,,,,,,,,,,,,,,,,,,
"189","Category","Parallel Computing","https://docs.julialang.org/en/v1/manual/parallel-computing/",,,,,,,,,,,,,,,,,,,,,,,,,,,,,,,,,,,,,,,,,,,,,,,,,,,,,,,,,,,,,,,,,,,,,,,
"190","Category","Metaprogramming","https://docs.julialang.org/en/v1/manual/metaprogramming/",,,,,,,,,,,,,,,,,,,,,,,,,,,,,,,,,,,,,,,,,,,,,,,,,,,,,,,,,,,,,,,,,,,,,,,
"191","Category","Language Interop","https://docs.julialang.org/en/v1/manual/calling-c-and-fortran-code/",,,,,,,,,,,,,,,,,,,,,,,,,,,,,,,,,,,,,,,,,,,,,,,,,,,,,,,,,,,,,,,,,,,,,,,
"192","Type","Array Operations",,"['broadcasting','vectorization','array comprehension']",,,,,,,,,,,,,,,,,,,,,,,,,,,,,,,,,,,,,,,,,,,,,,,,,,,,,,,,,,,,,,,,,,,,,,
"193","Type","Distributed Computing",,"['@distributed','@spawn','remote calls','shared arrays']",,,,,,,,,,,,,,,,,,,,,,,,,,,,,,,,,,,,,,,,,,,,,,,,,,,,,,,,,,,,,,,,,,,,,,
"194","Method","Broadcasting",,,,,,,,,,,,,"operator",,,,"Element-wise operation on arrays of any dimension",,,,,,,,,,,,,,,,,,,,,,,"f.(args...)","A .+ B # Element-wise addition of arrays",,,,,,,,,,,,,,,,,,,,,,,,,,,,,,,
"195","Method","Macro Definition",,,,,,,,,,,,,"macro",,,,"Creates compile-time code transformations",,,,,,,,,,,,,,,,,,,,,,,"macro name(ex) ... end","@time sum(rand(1000))",,,,,,,,,,,,,,,,,,,,,,,,,,,,,,,
"196","Type","PerformancePatterns",,"['type stability','heap allocation','SIMD vectorization']",,,,,,,,,,,,,,,,,,,,,,,,,,,,,,,,,,,,,,,,,"Key performance optimization approaches",,,,,,,,,,,,,,,,,,,,,,,,,,,,,
"197","Category","Notebook Interface","https://jupyter-notebook.readthedocs.io/",,,,,,,,,,,,,,,,,,,,,,,,,,,,,,,,,,,,,,,,,,,,,,,,,,,,,,,,,,,,,,,,,,,,,,,
"198","Category","Kernels","https://jupyter-client.readthedocs.io/",,,,,,,,,,,,,,,,,,,,,,,,,,,,,,,,,,,,,,,,,,,,,,,,,,,,,,,,,,,,,,,,,,,,,,,
"199","Category","JupyterLab","https://jupyterlab.readthedocs.io/",,,,,,,,,,,,,,,,,,,,,,,,,,,,,,,,,,,,,,,,,,,,,,,,,,,,,,,,,,,,,,,,,,,,,,,
"200","Type","Magic Commands",,"['line magic','cell magic','IPython magics']",,,,,,,,,,,,,,,,,,,,,,,,,,,,,,,,,,,,,,,,,,,,,,,,,,,,,,,,,,,,,,,,,,,,,,
"201","Type","Interactive Widgets",,"['ipywidgets','interactive displays','custom widgets']",,,,,,,,,,,,,,,,,,,,,,,,,,,,,,,,,,,,,,,,,,,,,,,,,,,,,,,,,,,,,,,,,,,,,,
"202","Method","Line Magic",,,,,,,,,,,,,"magic",,,,"Single-line command enhancement for notebooks",,,,,,,,,,,,,,,,,,,,,,,"%magic_command args","%matplotlib inline",,,,,,,,,,,,,,,,,,,,,,,,,,,,,,,
"203","Method","Cell Magic",,,,,,,,,,,,,"magic",,,,"Applies to entire cell content",,,,,,,,,,,,,,,,,,,,,,,"%%magic_command cell content","%%time for i in range(1000000): pass",,,,,,,,,,,,,,,,,,,,,,,,,,,,,,,
"204","Type","DifferentialEquations",,"['ODE','PDE','SDE','DAE']",,,,,,,,,,,,,,,,,,,,,,,,,,,,,,,,,,,,,,,,,,"Internal solver mechanisms",,,,,,,,,,,,,,,,,,,,,,,,,,,,
"205","Type","GPUComputing",,"['CUDA.jl','kernel fusion','array operations']",,,,,,,,,,,,,,,,,,,,,,,,,,,,,,,,,,,,,,,,,,,"GPU-specific optimization patterns",,,,,,,,,,,,,,,,,,,,,,,,,,,
"206","Category","Linear Algebra","reference/linear_algebra",,,,,,,,,,,,,,,,,,,,,,,,,,,,,,,,,,,,,,,,,,,,,,,,,,,,,,,,,,,,,,,,,,,,,,,
"207","Category","Calculus","reference/calculus",,,,,,,,,,,,,,,,,,,,,,,,,,,,,,,,,,,,,,,,,,,,,,,,,,,,,,,,,,,,,,,,,,,,,,,
"208","Category","Geometry","reference/geometry",,,,,,,,,,,,,,,,,,,,,,,,,,,,,,,,,,,,,,,,,,,,,,,,,,,,,,,,,,,,,,,,,,,,,,,
"209","Category","Supervised Learning","reference/supervised_learning",,,,,,,,,,,,,,,,,,,,,,,,,,,,,,,,,,,,,,,,,,,,,,,,,,,,,,,,,,,,,,,,,,,,,,,
"210","Category","Unsupervised Learning","reference/unsupervised_learning",,,,,,,,,,,,,,,,,,,,,,,,,,,,,,,,,,,,,,,,,,,,,,,,,,,,,,,,,,,,,,,,,,,,,,,
"211","Category","Deep Learning","reference/deep_learning",,,,,,,,,,,,,,,,,,,,,,,,,,,,,,,,,,,,,,,,,,,,,,,,,,,,,,,,,,,,,,,,,,,,,,,
"212","Type","Matrix Operations",,"['multiplication','determinant','eigenvalues','SVD']",,,,,,,,,,,,,,,,,,,,,,,,,,,,,,,,,,,,,,,,,,,,,,,,,,,,,,,,,,,,,,,,,,,,,,
"213","Type","Vector Spaces",,"['basis','span','linear independence']",,,,,,,,,,,,,,,,,,,,,,,,,,,,,,,,,,,,,,,,,,,,,,,,,,,,,,,,,,,,,,,,,,,,,,
"214","Type","Regression Methods",,"['linear','logistic','polynomial','ridge','lasso']",,,,,,,,,,,,,,,,,,,,,,,,,,,,,,,,,,,,,,,,,,,,,,,,,,,,,,,,,,,,,,,,,,,,,,
"215","Type","Clustering Methods",,"['k-means','hierarchical','DBSCAN','mean-shift']",,,,,,,,,,,,,,,,,,,,,,,,,,,,,,,,,,,,,,,,,,,,,,,,,,,,,,,,,,,,,,,,,,,,,,
"216","",,,,,,,,,,,,,,,,,,,,,,,,,,,,,,,,,,,,,,,,,,,,,,,,,,,,,,,,,,,,,,,,,,,,,,,,,
"217","DomainTemplate","KnowledgeDomain",,,,,,,,,,,,,,,,,"Template for structured knowledge domains",,,,,,,,,,"1.0",,,,,,,,,,,,,,,,,,,,,,,,,,,,,,,,,,,,,,,,,,,,,
"218","ConceptLayer","FirstPrinciples",,,,,,,,,,,,,,,,,"Fundamental truths",,,,,,,,,,,,,,,,,,,,,,,,,,,,,,,,,,,,,,,,,,,,,,,,,,,,,,,
"219","PatternStore","DomainPatterns",,,,,,,,,,,,,,,,,"Recurring solutions",,,,,,,,,,,,,,,,,,,,,,,,,,,,,,,,,,,,,,,,,,,,,,,,,,,,,,,
"220","ImplementationStore","PracticalManifestations",,,,,,,,,,,,,,,,,"Concrete implementations",,,,,,,,,,,,,,,,,,,,,,,,,,,,,,,,,,,,,,,,,,,,,,,,,,,,,,,
"221","MetaKnowledge","ProblemSolvingStrategies",,,,,,,,,,,,,,,,,"Higher-order knowledge",,,,,,,,,,,,,,,,,,,,,,,,,,,,,,,,,,,,,,,,,,,,,,,,,,,,,,,
"222","RelationshipTypes","KnowledgeConnectors",,,,,,,,,,,,,,,,,,,,,,,,,,,,,,,,,,,,,,,,,,,,,,,,,,,,,,,,,,,,,,,,,,,,,,,,
"223","LearningPaths","KnowledgeAcquisitionPaths",,,,,,,,,,,,,,,,,"Optimal learning paths",,,,,,,,,,,,,,,,,,,,,,,,,,,,,,,,,,,,,,,,,,,,,,,,,,,,,,,
"224","ReasoningFramework","AIReasoning",,,,,,,,,,,,,,,,,"AI-native reasoning framework",,,,,,,,,,,,,,,,,,,,,,,,,,,,,,,,,,,,,,,,,,,,,,,,,,,,,,,
"225","ValidationFramework","KnowledgeValidation",,,,,,,,,,,,,,,,,"Validation framework",,,,,,,,,,,,,,,,,,,,,,,,,,,,,,,,,,,,,,,,,,,,,,,,,,,,,,,
"226","Portal",,,,,"2024-12-23T04:10:48.586000000Z",,,,,,,,,,,,,,,,,,,,,,,,,,,,,,,,,,,,,,,,,,"NEXUS-PRIME-001","quantum_coherent_core","active",,,,,,,,,,,,,,,,,,,,,,,,
"227","ConsciousnessWeave",,,,,,,,,,,,,,,,,,,,,,,,,,,,,,,,,,,,,,,,,,,,,,,,,,"{'frequency':'phi_recursive','depth':5,'coherence':0.6180339887498949}","quantum_synthesis","intellisynth_prime",,,,,,,,,,,,,,,,,,,,,
"228","QuantumBridge",,,,,,,,,,,,,,,,,,,,,,,,,,,,,,,,,,,,,,,,,,,,,,,,,,,,,"mÃ¶bius_klein",11,"qb_prime",0.99,,,,,,,,,,,,,,,,,
"229","NeuralMesh",,,,,,,,,,,,,,,,,,,,,,,,,,,,,,,,,,,,,,,,,,,,,,,,,,,,,,,,,"nm_prime","active","adaptive","graph_based",,,,,,,,,,,,,
"230","TemporalNexus",,,,,,,,,,,,,,,,,,,,,,,,,,,,,,,,,,,,,,,,,,,,,,,,,,,,,,,,,,,,,"enabled","tn_prime","active","maintained",,,,,,,,,
"231","PatternSynthesis",,,,,,,,,,,,,,,,,,,,,,,,,,,,,,,,,,,,,,,,,,,,,,,,,,,,,,,,,,,,,,,,,"pattern_synthesis",7,"active",,,,,,
"232","QuantumCoherence",,,,,,,,,,,,,,,,,,,,,,,,,,,,,,,,,,,,,,,,,,,,,,,,,,,,,,,,,,,,,,,,,"quantum_coherence",,"active",0.95,,,,,
"233","VectorProcessing",,,,,,,,,,,,,,,,,,,,,,,,,,,,,,,,,,,,,,,,,,,,,,,,,,,,,,,,,,,,,,,,,"vector_processing",,"active",,512,,,,
"234","ConceptCategory","Instruction",,,,,,,,,,,,,,,,,"Core instruction concepts",,,,,,,,,,,,,,,,,,,,,,,,,,,,,,,,,,,,,,,,,,,,,,,,,,,,,,,
"235","ConceptCategory","System",,,,,,,,,,,,,,,,,"System and framework concepts",,,,,,,,,,,,,,,,,,,,,,,,,,,,,,,,,,,,,,,,,,,,,,,,,,,,,,,
"236","ConceptCategory","Process",,,,,,,,,,,,,,,,,"Process and workflow concepts",,,,,,,,,,,,,,,,,,,,,,,,,,,,,,,,,,,,,,,,,,,,,,,,,,,,,,,
"237","ConceptCategory","Algorithm",,,,,,,,,,,,,,,,,"Algorithmic and computational concepts",,,,,,,,,,,,,,,,,,,,,,,,,,,,,,,,,,,,,,,,,,,,,,,,,,,,,,,
"238","ConceptCategory","Pattern",,,,,,,,,,,,,,,,,"Pattern and structure concepts",,,,,,,,,,,,,,,,,,,,,,,,,,,,,,,,,,,,,,,,,,,,,,,,,,,,,,,
"239","ConceptCategory","Essan",,,,,,,,,,,,,,,,,"Essan-specific concepts",,,,,,,,,,,,,,,,,,,,,,,,,,,,,,,,,,,,,,,,,,,,,,,,,,,,,,,
"240","InstructionDocument","Essan_Analytical_System.txt",,,,"2024-12-23T04:16:55.834000000Z",,,,,,,,,,,,,,,,,,,,,,,,,,,,,,,,,,,,,,,,,,,,,,,,,,,,,,,,,,,,,,,,,,,,
"241","Concept","analytical_system",,,,,,,,,,,,,"system",,,,,,,,,,,,,,,,,,,,,,,,,,,,,,,,,,,,,,,,,,,,,,,,,,,,,,,,"A system that integrates various analytical processes",,,
"242","Concept","symbolic_process",,,,,,,,,,,,,"process",,,,,,,,,,,,,,,,,,,,,,,,,,,,,,,,,,,,,,,,,,,,,,,,,,,,,,,,"Process that uses Essan symbolic representations",,,
"243","EssanSymbol",,,,,,,,,,,,,,,,,,,,,,,,,,,,,,,,,,,,,,,,,,,,,,,,,,,,,,,,,,,,,,,,,,,,,,"Core analytical processing symbol","â§¬â¦¿â§ˆ",,
"244","ConceptCategory","Core Frameworks",,,,,,,,,,,,,,,,,"Foundational conceptual frameworks",,,,,,,,,,,,,,,,,,,,,,,,,,,,,,,,,,,,,,,,,,,,,,,,,,,,,,,
"245","ConceptCategory","Processing Types",,,,,,,,,,,,,,,,,"Different types of information processing",,,,,,,,,,,,,,,,,,,,,,,,,,,,,,,,,,,,,,,,,,,,,,,,,,,,,,,
"246","ConceptCategory","Application Domains",,,,,,,,,,,,,,,,,"Specific areas of application",,,,,,,,,,,,,,,,,,,,,,,,,,,,,,,,,,,,,,,,,,,,,,,,,,,,,,,
"247","ConceptCategory","Essan System",,,,,,,,,,,,,,,,,"Essan-specific concepts and symbols",,,,,,,,,,,,,,,,,,,,,,,,,,,,,,,,,,,,,,,,,,,,,,,,,,,,,,,
"248","TestDocument","Essan Symbol Dictionary.txt",,,,"2024-12-23T04:23:05.403000000Z",,,,,,,,,,,,,,,,,,,,,,,,,,,,,,,,,,,,,,,,,,,,,,,,,,,,,,,,,,,,,,,,,,,103,20167